image,class,confidence,cx_px,cy_px,local_x_m,local_y_m,area_px,area_m2
2023-05-25_0109.png,crop,0.791,455,570,1.1375,1.425,182,0.001138
2023-05-25_0109.png,crop,0.757,266,84,0.665,0.21,142,0.000887
2023-05-25_0109.png,weed,0.151,13,134,0.0325,0.335,104,0.00065
2023-05-25_0114.png,crop,0.841,500,285,1.25,0.7125,203,0.001269
2023-05-25_0114.png,crop,0.784,170,293,0.425,0.7325,162,0.001013
2023-05-25_0114.png,crop,0.745,586,288,1.465,0.72,148,0.000925
2023-05-25_0114.png,crop,0.732,370,292,0.925,0.73,201,0.001256
2023-05-25_0114.png,crop,0.704,272,38,0.68,0.095,160,0.001
2023-05-25_0114.png,crop,0.702,105,305,0.2625,0.7625,158,0.000988
2023-05-25_0114.png,crop,0.668,74,299,0.185,0.7475,172,0.001075
2023-05-25_0114.png,crop,0.64,296,33,0.74,0.0825,190,0.001188
2023-05-25_0114.png,crop,0.613,215,30,0.5375,0.075,159,0.000994
2023-05-25_0114.png,crop,0.586,65,51,0.1625,0.1275,124,0.000775
2023-05-25_0114.png,crop,0.488,3,52,0.0075,0.13,17,0.000106
2023-05-25_0114.png,crop,0.338,513,593,1.2825,1.4825,76,0.000475
2023-05-25_0114.png,weed,0.216,412,36,1.03,0.09,85,0.000531
2023-05-25_0114.png,weed,0.191,276,181,0.69,0.4525,73,0.000456
2023-05-25_0170.png,crop,0.845,42,344,0.105,0.86,211,0.001319
2023-05-25_0170.png,crop,0.831,320,588,0.8,1.47,164,0.001025
2023-05-25_0170.png,crop,0.807,175,341,0.4375,0.8525,151,0.000944
2023-05-25_0170.png,crop,0.76,363,347,0.9075,0.8675,217,0.001356
2023-05-25_0170.png,crop,0.755,119,330,0.2975,0.825,176,0.0011
2023-05-25_0170.png,crop,0.752,586,584,1.465,1.46,137,0.000856
2023-05-25_0170.png,crop,0.731,236,583,0.59,1.4575,162,0.001013
2023-05-25_0170.png,crop,0.651,407,594,1.0175,1.485,150,0.000937
2023-05-25_0170.png,crop,0.62,53,590,0.1325,1.475,139,0.000869
2023-05-25_0170.png,weed,0.317,399,356,0.9975,0.89,77,0.000481
2023-05-25_0183.png,crop,0.829,20,388,0.05,0.97,170,0.001063
2023-05-25_0183.png,crop,0.81,414,119,1.035,0.2975,200,0.00125
2023-05-25_0183.png,crop,0.791,109,384,0.2725,0.96,152,0.00095
2023-05-25_0183.png,crop,0.783,583,376,1.4575,0.94,148,0.000925
2023-05-25_0183.png,crop,0.774,463,375,1.1575,0.9375,179,0.001119
2023-05-25_0183.png,crop,0.726,518,370,1.295,0.925,137,0.000856
2023-05-25_0183.png,crop,0.715,10,134,0.025,0.335,120,0.00075
2023-05-25_0183.png,crop,0.688,393,375,0.9825,0.9375,191,0.001194
2023-05-25_0183.png,crop,0.505,519,116,1.2975,0.29,169,0.001056
2023-05-25_0183.png,crop,0.403,197,398,0.4925,0.995,143,0.000894
2023-05-25_0183.png,crop,0.395,196,398,0.49,0.995,133,0.000831
2023-05-25_0681.png,crop,0.825,126,444,0.315,1.11,165,0.001031
2023-05-25_0681.png,crop,0.797,218,463,0.545,1.1575,164,0.001025
2023-05-25_0681.png,crop,0.789,252,450,0.63,1.125,192,0.0012
2023-05-25_0681.png,crop,0.774,425,26,1.0625,0.065,153,0.000956
2023-05-25_0681.png,crop,0.772,560,458,1.4,1.145,158,0.000988
2023-05-25_0681.png,crop,0.772,388,447,0.97,1.1175,155,0.000969
2023-05-25_0681.png,crop,0.753,172,451,0.43,1.1275,121,0.000756
2023-05-25_0681.png,crop,0.747,5,452,0.0125,1.13,144,0.0009
2023-05-25_0681.png,crop,0.742,411,220,1.0275,0.55,141,0.000881
2023-05-25_0681.png,crop,0.738,288,464,0.72,1.16,179,0.001119
2023-05-25_0681.png,crop,0.724,332,460,0.83,1.15,162,0.001013
2023-05-25_0681.png,crop,0.707,468,227,1.17,0.5675,147,0.000919
2023-05-25_0681.png,crop,0.704,499,34,1.2475,0.085,173,0.001081
2023-05-25_0681.png,crop,0.692,520,465,1.3,1.1625,165,0.001031
2023-05-25_0681.png,crop,0.683,369,23,0.9225,0.0575,181,0.001131
2023-05-25_0681.png,crop,0.673,542,33,1.355,0.0825,212,0.001325
2023-05-25_0681.png,crop,0.673,66,464,0.165,1.16,139,0.000869
2023-05-25_0681.png,crop,0.633,142,17,0.355,0.0425,159,0.000994
2023-05-25_0681.png,crop,0.624,518,230,1.295,0.575,134,0.000838
2023-05-25_0681.png,crop,0.584,434,456,1.085,1.14,108,0.000675
2023-05-25_0681.png,crop,0.512,319,212,0.7975,0.53,173,0.001081
2023-05-25_0681.png,crop,0.447,587,36,1.4675,0.09,133,0.000831
2023-05-25_0681.png,crop,0.433,209,206,0.5225,0.515,236,0.001475
2023-05-25_0681.png,crop,0.389,263,21,0.6575,0.0525,141,0.000881
2023-05-25_0681.png,crop,0.324,80,31,0.2,0.0775,83,0.000519
2023-05-25_0681.png,weed,0.208,369,23,0.9225,0.0575,176,0.0011
2023-05-25_0681.png,weed,0.181,189,524,0.4725,1.31,52,0.000325
2023-05-25_0681.png,weed,0.18,471,42,1.1775,0.105,113,0.000706
2023-05-25_0685.png,crop,0.818,467,94,1.1675,0.235,211,0.001319
2023-05-25_0685.png,crop,0.768,576,302,1.44,0.755,159,0.000994
2023-05-25_0685.png,crop,0.763,62,87,0.155,0.2175,139,0.000869
2023-05-25_0685.png,crop,0.759,146,511,0.365,1.2775,137,0.000856
2023-05-25_0685.png,crop,0.753,591,111,1.4775,0.2775,134,0.000838
2023-05-25_0685.png,crop,0.745,404,97,1.01,0.2425,181,0.001131
2023-05-25_0685.png,crop,0.735,390,524,0.975,1.31,149,0.000931
2023-05-25_0685.png,crop,0.726,81,285,0.2025,0.7125,182,0.001138
2023-05-25_0685.png,crop,0.723,338,289,0.845,0.7225,153,0.000956
2023-05-25_0685.png,crop,0.712,125,93,0.3125,0.2325,191,0.001194
2023-05-25_0685.png,crop,0.686,530,505,1.325,1.2625,171,0.001069
2023-05-25_0685.png,crop,0.673,356,95,0.89,0.2375,126,0.000788
2023-05-25_0685.png,crop,0.67,234,283,0.585,0.7075,173,0.001081
2023-05-25_0685.png,crop,0.662,296,297,0.74,0.7425,171,0.001069
2023-05-25_0685.png,crop,0.658,13,91,0.0325,0.2275,129,0.000806
2023-05-25_0685.png,crop,0.636,29,292,0.0725,0.73,142,0.000887
2023-05-25_0685.png,crop,0.628,548,514,1.37,1.285,109,0.000681
2023-05-25_0685.png,crop,0.584,383,287,0.9575,0.7175,133,0.000831
2023-05-25_0685.png,crop,0.548,102,500,0.255,1.25,143,0.000894
2023-05-25_0685.png,crop,0.484,344,516,0.86,1.29,175,0.001094
2023-05-25_0685.png,crop,0.481,253,516,0.6325,1.29,85,0.000531
2023-05-25_0685.png,crop,0.469,297,520,0.7425,1.3,103,0.000644
2023-05-25_0685.png,crop,0.412,231,113,0.5775,0.2825,105,0.000656
2023-05-25_0685.png,weed,0.248,243,76,0.6075,0.19,101,0.000631
2023-05-25_0685.png,weed,0.206,229,196,0.5725,0.49,105,0.000656
2023-05-25_0685.png,crop,0.176,528,504,1.32,1.26,144,0.0009
2023-05-25_0750.png,crop,0.83,172,165,0.43,0.4125,200,0.00125
2023-05-25_0750.png,crop,0.829,63,396,0.1575,0.99,220,0.001375
2023-05-25_0750.png,crop,0.772,15,161,0.0375,0.4025,186,0.001163
2023-05-25_0750.png,crop,0.742,246,150,0.615,0.375,194,0.001213
2023-05-25_0750.png,crop,0.718,111,164,0.2775,0.41,204,0.001275
2023-05-25_0750.png,crop,0.679,586,421,1.465,1.0525,144,0.0009
2023-05-25_0750.png,crop,0.665,10,384,0.025,0.96,86,0.000538
2023-05-25_0750.png,crop,0.627,291,170,0.7275,0.425,172,0.001075
2023-05-25_0750.png,crop,0.548,137,400,0.3425,1.0,169,0.001056
2023-05-25_0750.png,crop,0.524,450,412,1.125,1.03,105,0.000656
2023-05-25_0750.png,crop,0.364,241,406,0.6025,1.015,346,0.002162
2023-05-25_0750.png,crop,0.35,222,405,0.555,1.0125,218,0.001363
2023-05-25_0750.png,crop,0.246,255,406,0.6375,1.015,209,0.001306
2023-05-25_0750.png,crop,0.194,332,408,0.83,1.02,117,0.000731
2023-05-25_0750.png,weed,0.187,577,88,1.4425,0.22,74,0.000463
2023-05-25_0750.png,weed,0.171,51,480,0.1275,1.2,88,0.00055
2023-05-25_0786.png,crop,0.818,96,280,0.24,0.7,203,0.001269
2023-05-25_0786.png,crop,0.817,451,295,1.1275,0.7375,164,0.001025
2023-05-25_0786.png,crop,0.814,153,286,0.3825,0.715,141,0.000881
2023-05-25_0786.png,crop,0.811,546,306,1.365,0.765,199,0.001244
2023-05-25_0786.png,crop,0.794,171,22,0.4275,0.055,172,0.001075
2023-05-25_0786.png,crop,0.789,542,23,1.355,0.0575,176,0.0011
2023-05-25_0786.png,crop,0.784,427,294,1.0675,0.735,244,0.001525
2023-05-25_0786.png,crop,0.784,110,518,0.275,1.295,152,0.00095
2023-05-25_0786.png,crop,0.777,477,526,1.1925,1.315,213,0.001331
2023-05-25_0786.png,crop,0.775,52,29,0.13,0.0725,145,0.000906
2023-05-25_0786.png,crop,0.773,421,42,1.0525,0.105,193,0.001206
2023-05-25_0786.png,crop,0.729,16,288,0.04,0.72,174,0.001087
2023-05-25_0786.png,crop,0.686,168,529,0.42,1.3225,194,0.001213
2023-05-25_0786.png,crop,0.683,586,530,1.465,1.325,158,0.000988
2023-05-25_0786.png,crop,0.666,404,519,1.01,1.2975,162,0.001013
2023-05-25_0786.png,crop,0.654,364,522,0.91,1.305,137,0.000856
2023-05-25_0786.png,crop,0.651,216,283,0.54,0.7075,148,0.000925
2023-05-25_0786.png,crop,0.637,311,279,0.7775,0.6975,160,0.001
2023-05-25_0786.png,crop,0.634,242,270,0.605,0.675,179,0.001119
2023-05-25_0786.png,crop,0.604,507,34,1.2675,0.085,147,0.000919
2023-05-25_0786.png,crop,0.594,225,27,0.5625,0.0675,155,0.000969
2023-05-25_0786.png,crop,0.557,107,22,0.2675,0.055,152,0.00095
2023-05-25_0786.png,crop,0.47,7,31,0.0175,0.0775,198,0.001238
2023-05-25_0786.png,crop,0.266,579,291,1.4475,0.7275,88,0.00055
2023-05-25_0786.png,crop,0.151,8,30,0.02,0.075,166,0.001038
2023-05-30_0039.png,weed,0.449,348,214,0.87,0.535,191,0.001194
2023-05-30_0039.png,weed,0.425,390,432,0.975,1.08,102,0.000638
2023-05-30_0039.png,weed,0.354,404,238,1.01,0.595,112,0.0007
2023-05-30_0039.png,crop,0.32,220,481,0.55,1.2025,71,0.000444
2023-05-30_0039.png,crop,0.301,405,107,1.0125,0.2675,161,0.001006
2023-05-30_0039.png,crop,0.286,402,104,1.005,0.26,173,0.001081
2023-05-30_0039.png,weed,0.253,163,506,0.4075,1.265,116,0.000725
2023-05-30_0039.png,weed,0.193,349,212,0.8725,0.53,228,0.001425
2023-05-30_0044.png,crop,0.854,208,473,0.52,1.1825,322,0.002012
2023-05-30_0044.png,crop,0.85,302,204,0.755,0.51,312,0.00195
2023-05-30_0044.png,crop,0.832,350,482,0.875,1.205,296,0.00185
2023-05-30_0044.png,crop,0.83,412,471,1.03,1.1775,291,0.001819
2023-05-30_0044.png,crop,0.815,459,195,1.1475,0.4875,356,0.002225
2023-05-30_0044.png,weed,0.81,526,353,1.315,0.8825,284,0.001775
2023-05-30_0044.png,crop,0.779,225,184,0.5625,0.46,365,0.002281
2023-05-30_0044.png,crop,0.765,74,477,0.185,1.1925,282,0.001762
2023-05-30_0044.png,crop,0.745,23,471,0.0575,1.1775,287,0.001794
2023-05-30_0044.png,crop,0.728,308,475,0.77,1.1875,286,0.001788
2023-05-30_0044.png,weed,0.713,216,531,0.54,1.3275,140,0.000875
2023-05-30_0044.png,weed,0.711,130,253,0.325,0.6325,165,0.001031
2023-05-30_0044.png,crop,0.689,523,198,1.3075,0.495,388,0.002425
2023-05-30_0044.png,crop,0.632,566,193,1.415,0.4825,327,0.002044
2023-05-30_0044.png,weed,0.402,151,252,0.3775,0.63,114,0.000713
2023-05-30_0044.png,weed,0.356,325,566,0.8125,1.415,89,0.000556
2023-05-30_0044.png,weed,0.353,4,583,0.01,1.4575,75,0.000469
2023-05-30_0044.png,weed,0.323,89,173,0.2225,0.4325,142,0.000887
2023-05-30_0044.png,weed,0.288,453,578,1.1325,1.445,87,0.000544
2023-05-30_0044.png,weed,0.266,172,301,0.43,0.7525,81,0.000506
2023-05-30_0044.png,weed,0.233,255,259,0.6375,0.6475,78,0.000488
2023-05-30_0044.png,weed,0.189,112,92,0.28,0.23,81,0.000506
2023-05-30_0099.png,weed,0.647,373,247,0.9325,0.6175,146,0.000913
2023-05-30_0099.png,weed,0.625,560,450,1.4,1.125,115,0.000719
2023-05-30_0099.png,weed,0.59,321,220,0.8025,0.55,100,0.000625
2023-05-30_0099.png,weed,0.569,49,391,0.1225,0.9775,123,0.000769
2023-05-30_0099.png,weed,0.557,478,298,1.195,0.745,97,0.000606
2023-05-30_0099.png,weed,0.539,373,512,0.9325,1.28,128,0.0008
2023-05-30_0099.png,weed,0.527,423,54,1.0575,0.135,137,0.000856
2023-05-30_0099.png,crop,0.511,10,376,0.025,0.94,184,0.00115
2023-05-30_0099.png,weed,0.422,535,33,1.3375,0.0825,180,0.001125
2023-05-30_0099.png,weed,0.42,479,171,1.1975,0.4275,107,0.000669
2023-05-30_0099.png,weed,0.395,517,417,1.2925,1.0425,149,0.000931
2023-05-30_0099.png,weed,0.386,259,295,0.6475,0.7375,99,0.000619
2023-05-30_0099.png,weed,0.384,426,105,1.065,0.2625,222,0.001388
2023-05-30_0099.png,weed,0.364,516,478,1.29,1.195,290,0.001812
2023-05-30_0099.png,weed,0.277,541,151,1.3525,0.3775,88,0.00055
2023-05-30_0099.png,weed,0.205,533,330,1.3325,0.825,111,0.000694
2023-05-30_0099.png,weed,0.172,516,471,1.29,1.1775,144,0.0009
2023-05-30_0099.png,weed,0.169,583,144,1.4575,0.36,112,0.0007
2023-05-30_0114.png,crop,0.872,322,395,0.805,0.9875,724,0.004525
2023-05-30_0114.png,crop,0.672,114,387,0.285,0.9675,162,0.001013
2023-05-30_0114.png,weed,0.618,94,15,0.235,0.0375,145,0.000906
2023-05-30_0114.png,crop,0.555,187,396,0.4675,0.99,536,0.00335
2023-05-30_0114.png,crop,0.518,502,21,1.255,0.0525,302,0.001888
2023-05-30_0114.png,weed,0.482,429,16,1.0725,0.04,110,0.000688
2023-05-30_0114.png,crop,0.45,572,2,1.43,0.005,74,0.000463
2023-05-30_0114.png,weed,0.446,70,457,0.175,1.1425,120,0.00075
2023-05-30_0114.png,weed,0.378,213,25,0.5325,0.0625,106,0.000663
2023-05-30_0114.png,weed,0.337,384,522,0.96,1.305,113,0.000706
2023-05-30_0114.png,weed,0.307,10,29,0.025,0.0725,79,0.000494
2023-05-30_0114.png,weed,0.289,42,367,0.105,0.9175,188,0.001175
2023-05-30_0114.png,weed,0.263,371,152,0.9275,0.38,95,0.000594
2023-05-30_0114.png,weed,0.247,186,365,0.465,0.9125,105,0.000656
2023-05-30_0114.png,weed,0.204,42,363,0.105,0.9075,129,0.000806
2023-05-30_0114.png,weed,0.194,484,2,1.21,0.005,17,0.000106
2023-05-30_0114.png,weed,0.175,566,401,1.415,1.0025,74,0.000463
2023-05-30_0114.png,weed,0.173,429,17,1.0725,0.0425,86,0.000538
2023-05-30_0649.png,crop,0.924,55,334,0.1375,0.835,653,0.004081
2023-05-30_0649.png,crop,0.919,199,335,0.4975,0.8375,1205,0.007531
2023-05-30_0649.png,crop,0.918,573,343,1.4325,0.8575,614,0.003838
2023-05-30_0649.png,crop,0.848,579,37,1.4475,0.0925,533,0.003331
2023-05-30_0649.png,crop,0.847,286,358,0.715,0.895,679,0.004244
2023-05-30_0649.png,weed,0.828,278,210,0.695,0.525,239,0.001494
2023-05-30_0649.png,crop,0.827,372,18,0.93,0.045,301,0.001881
2023-05-30_0649.png,weed,0.81,386,569,0.965,1.4225,287,0.001794
2023-05-30_0649.png,weed,0.796,71,494,0.1775,1.235,239,0.001494
2023-05-30_0649.png,weed,0.796,237,538,0.5925,1.345,283,0.001769
2023-05-30_0649.png,weed,0.791,257,588,0.6425,1.47,320,0.002
2023-05-30_0649.png,weed,0.791,385,527,0.9625,1.3175,240,0.0015
2023-05-30_0649.png,weed,0.78,342,554,0.855,1.385,208,0.0013
2023-05-30_0649.png,weed,0.762,284,468,0.71,1.17,278,0.001738
2023-05-30_0649.png,weed,0.761,125,563,0.3125,1.4075,228,0.001425
2023-05-30_0649.png,weed,0.755,296,490,0.74,1.225,259,0.001619
2023-05-30_0649.png,weed,0.753,487,131,1.2175,0.3275,332,0.002075
2023-05-30_0649.png,weed,0.741,494,560,1.235,1.4,267,0.001669
2023-05-30_0649.png,weed,0.741,173,563,0.4325,1.4075,197,0.001231
2023-05-30_0649.png,weed,0.741,117,157,0.2925,0.3925,202,0.001262
2023-05-30_0649.png,weed,0.738,536,116,1.34,0.29,254,0.001588
2023-05-30_0649.png,weed,0.731,337,466,0.8425,1.165,151,0.000944
2023-05-30_0649.png,weed,0.725,459,491,1.1475,1.2275,265,0.001656
2023-05-30_0649.png,weed,0.725,229,351,0.5725,0.8775,159,0.000994
2023-05-30_0649.png,weed,0.722,314,59,0.785,0.1475,207,0.001294
2023-05-30_0649.png,weed,0.721,164,494,0.41,1.235,183,0.001144
2023-05-30_0649.png,weed,0.72,577,196,1.4425,0.49,177,0.001106
2023-05-30_0649.png,weed,0.72,363,469,0.9075,1.1725,228,0.001425
2023-05-30_0649.png,weed,0.699,106,458,0.265,1.145,137,0.000856
2023-05-30_0649.png,weed,0.699,348,515,0.87,1.2875,248,0.00155
2023-05-30_0649.png,weed,0.692,204,392,0.51,0.98,133,0.000831
2023-05-30_0649.png,weed,0.688,163,590,0.4075,1.475,156,0.000975
2023-05-30_0649.png,weed,0.682,192,508,0.48,1.27,280,0.00175
2023-05-30_0649.png,weed,0.652,418,560,1.045,1.4,163,0.001019
2023-05-30_0649.png,weed,0.614,364,552,0.91,1.38,130,0.000813
2023-05-30_0649.png,weed,0.605,240,589,0.6,1.4725,152,0.00095
2023-05-30_0649.png,weed,0.602,260,198,0.65,0.495,129,0.000806
2023-05-30_0649.png,weed,0.595,312,463,0.78,1.1575,87,0.000544
2023-05-30_0649.png,weed,0.536,172,535,0.43,1.3375,143,0.000894
2023-05-30_0649.png,weed,0.51,109,554,0.2725,1.385,160,0.001
2023-05-30_0649.png,weed,0.507,479,113,1.1975,0.2825,174,0.001087
2023-05-30_0649.png,weed,0.499,63,91,0.1575,0.2275,110,0.000688
2023-05-30_0649.png,weed,0.496,206,129,0.515,0.3225,152,0.00095
2023-05-30_0649.png,weed,0.489,378,53,0.945,0.1325,111,0.000694
2023-05-30_0649.png,weed,0.488,563,113,1.4075,0.2825,115,0.000719
2023-05-30_0649.png,weed,0.472,442,597,1.105,1.4925,51,0.000319
2023-05-30_0649.png,weed,0.464,106,565,0.265,1.4125,166,0.001038
2023-05-30_0649.png,weed,0.428,507,330,1.2675,0.825,116,0.000725
2023-05-30_0649.png,weed,0.419,556,182,1.39,0.455,548,0.003425
2023-05-30_0649.png,weed,0.404,556,187,1.39,0.4675,367,0.002294
2023-05-30_0649.png,weed,0.401,583,551,1.4575,1.3775,224,0.0014
2023-05-30_0649.png,weed,0.388,136,3,0.34,0.0075,72,0.00045
2023-05-30_0649.png,weed,0.382,465,337,1.1625,0.8425,106,0.000663
2023-05-30_0649.png,weed,0.381,552,174,1.38,0.435,322,0.002012
2023-05-30_0649.png,weed,0.381,263,65,0.6575,0.1625,121,0.000756
2023-05-30_0649.png,weed,0.381,571,531,1.4275,1.3275,134,0.000838
2023-05-30_0649.png,weed,0.357,416,548,1.04,1.37,109,0.000681
2023-05-30_0649.png,weed,0.35,501,543,1.2525,1.3575,134,0.000838
2023-05-30_0649.png,weed,0.301,34,468,0.085,1.17,363,0.002269
2023-05-30_0649.png,weed,0.299,173,517,0.4325,1.2925,90,0.000563
2023-05-30_0649.png,weed,0.275,448,189,1.12,0.4725,99,0.000619
2023-05-30_0649.png,weed,0.246,275,194,0.6875,0.485,82,0.000513
2023-05-30_0649.png,weed,0.245,479,116,1.1975,0.29,197,0.001231
2023-05-30_0649.png,weed,0.235,30,464,0.075,1.16,186,0.001163
2023-05-30_0649.png,weed,0.234,188,467,0.47,1.1675,100,0.000625
2023-05-30_0649.png,weed,0.233,39,469,0.0975,1.1725,280,0.00175
2023-05-30_0649.png,weed,0.213,108,561,0.27,1.4025,317,0.001981
2023-05-30_0649.png,weed,0.211,160,296,0.4,0.74,77,0.000481
2023-05-30_0649.png,weed,0.192,53,433,0.1325,1.0825,80,0.0005
2023-05-30_0649.png,weed,0.192,423,524,1.0575,1.31,92,0.000575
2023-05-30_0649.png,weed,0.184,355,4,0.8875,0.01,59,0.000369
2023-05-30_0649.png,weed,0.165,157,290,0.3925,0.725,140,0.000875
2023-05-30_0649.png,weed,0.16,280,449,0.7,1.1225,75,0.000469
2023-05-30_0649.png,weed,0.153,7,576,0.0175,1.44,107,0.000669
2023-05-30_0649.png,weed,0.151,486,597,1.215,1.4925,21,0.000131
2023-05-30_0652.png,crop,0.943,424,331,1.06,0.8275,723,0.004519
2023-05-30_0652.png,crop,0.912,513,324,1.2825,0.81,708,0.004425
2023-05-30_0652.png,crop,0.87,239,330,0.5975,0.825,772,0.004825
2023-05-30_0652.png,weed,0.845,510,475,1.275,1.1875,357,0.002231
2023-05-30_0652.png,weed,0.82,561,375,1.4025,0.9375,318,0.001988
2023-05-30_0652.png,weed,0.801,233,53,0.5825,0.1325,261,0.001631
2023-05-30_0652.png,weed,0.78,223,582,0.5575,1.455,206,0.001288
2023-05-30_0652.png,weed,0.778,310,580,0.775,1.45,189,0.001181
2023-05-30_0652.png,weed,0.772,245,166,0.6125,0.415,201,0.001256
2023-05-30_0652.png,weed,0.767,514,29,1.285,0.0725,247,0.001544
2023-05-30_0652.png,weed,0.755,503,510,1.2575,1.275,172,0.001075
2023-05-30_0652.png,weed,0.72,331,191,0.8275,0.4775,161,0.001006
2023-05-30_0652.png,crop,0.706,33,296,0.0825,0.74,430,0.002687
2023-05-30_0652.png,weed,0.687,362,265,0.905,0.6625,145,0.000906
2023-05-30_0652.png,weed,0.686,302,309,0.755,0.7725,131,0.000819
2023-05-30_0652.png,crop,0.675,589,336,1.4725,0.84,183,0.001144
2023-05-30_0652.png,weed,0.661,307,189,0.7675,0.4725,122,0.000763
2023-05-30_0652.png,weed,0.589,313,172,0.7825,0.43,75,0.000469
2023-05-30_0652.png,weed,0.568,221,570,0.5525,1.425,141,0.000881
2023-05-30_0652.png,weed,0.545,393,435,0.9825,1.0875,98,0.000612
2023-05-30_0652.png,weed,0.524,335,180,0.8375,0.45,119,0.000744
2023-05-30_0652.png,weed,0.495,104,362,0.26,0.905,89,0.000556
2023-05-30_0652.png,weed,0.493,526,3,1.315,0.0075,123,0.000769
2023-05-30_0652.png,weed,0.484,376,335,0.94,0.8375,103,0.000644
2023-05-30_0652.png,weed,0.455,195,596,0.4875,1.49,71,0.000444
2023-05-30_0652.png,weed,0.427,585,87,1.4625,0.2175,130,0.000813
2023-05-30_0652.png,weed,0.421,287,569,0.7175,1.4225,113,0.000706
2023-05-30_0652.png,weed,0.398,422,323,1.055,0.8075,81,0.000506
2023-05-30_0652.png,weed,0.361,126,359,0.315,0.8975,62,0.000387
2023-05-30_0652.png,weed,0.354,128,207,0.32,0.5175,119,0.000744
2023-05-30_0652.png,weed,0.335,335,177,0.8375,0.4425,114,0.000713
2023-05-30_0652.png,weed,0.332,348,48,0.87,0.12,112,0.0007
2023-05-30_0652.png,weed,0.316,596,189,1.49,0.4725,38,0.000237
2023-05-30_0652.png,weed,0.264,176,511,0.44,1.2775,196,0.001225
2023-05-30_0652.png,weed,0.263,527,4,1.3175,0.01,127,0.000794
2023-05-30_0652.png,weed,0.261,179,511,0.4475,1.2775,288,0.0018
2023-05-30_0652.png,weed,0.256,451,541,1.1275,1.3525,75,0.000469
2023-05-30_0652.png,weed,0.239,174,512,0.435,1.28,133,0.000831
2023-05-30_0652.png,weed,0.175,372,326,0.93,0.815,49,0.000306
2023-05-30_0652.png,weed,0.17,180,507,0.45,1.2675,326,0.002038
2023-05-30_0652.png,weed,0.168,501,271,1.2525,0.6775,71,0.000444
2023-05-30_0720.png,crop,0.898,506,121,1.265,0.3025,805,0.005031
2023-05-30_0720.png,crop,0.892,290,467,0.725,1.1675,461,0.002881
2023-05-30_0720.png,crop,0.89,194,432,0.485,1.08,451,0.002819
2023-05-30_0720.png,crop,0.888,257,112,0.6425,0.28,581,0.003631
2023-05-30_0720.png,weed,0.884,241,559,0.6025,1.3975,384,0.0024
2023-05-30_0720.png,crop,0.869,121,139,0.3025,0.3475,548,0.003425
2023-05-30_0720.png,crop,0.867,552,471,1.38,1.1775,533,0.003331
2023-05-30_0720.png,crop,0.852,334,123,0.835,0.3075,533,0.003331
2023-05-30_0720.png,crop,0.849,439,126,1.0975,0.315,452,0.002825
2023-05-30_0720.png,weed,0.81,483,472,1.2075,1.18,225,0.001406
2023-05-30_0720.png,crop,0.809,33,421,0.0825,1.0525,444,0.002775
2023-05-30_0720.png,weed,0.781,397,584,0.9925,1.46,155,0.000969
2023-05-30_0720.png,weed,0.771,407,101,1.0175,0.2525,195,0.001219
2023-05-30_0720.png,weed,0.77,56,525,0.14,1.3125,182,0.001138
2023-05-30_0720.png,weed,0.748,425,547,1.0625,1.3675,185,0.001156
2023-05-30_0720.png,crop,0.74,434,452,1.085,1.13,1033,0.006456
2023-05-30_0720.png,weed,0.737,418,561,1.045,1.4025,141,0.000881
2023-05-30_0720.png,weed,0.726,112,576,0.28,1.44,150,0.000937
2023-05-30_0720.png,weed,0.717,165,459,0.4125,1.1475,92,0.000575
2023-05-30_0720.png,weed,0.713,346,556,0.865,1.39,320,0.002
2023-05-30_0720.png,weed,0.712,176,558,0.44,1.395,313,0.001956
2023-05-30_0720.png,weed,0.711,514,590,1.285,1.475,133,0.000831
2023-05-30_0720.png,weed,0.71,251,582,0.6275,1.455,184,0.00115
2023-05-30_0720.png,weed,0.703,262,230,0.655,0.575,145,0.000906
2023-05-30_0720.png,weed,0.687,200,595,0.5,1.4875,105,0.000656
2023-05-30_0720.png,weed,0.682,372,329,0.93,0.8225,129,0.000806
2023-05-30_0720.png,weed,0.662,530,525,1.325,1.3125,126,0.000788
2023-05-30_0720.png,weed,0.653,514,440,1.285,1.1,137,0.000856
2023-05-30_0720.png,weed,0.624,53,399,0.1325,0.9975,105,0.000656
2023-05-30_0720.png,weed,0.617,199,548,0.4975,1.37,96,0.0006
2023-05-30_0720.png,weed,0.588,210,439,0.525,1.0975,81,0.000506
2023-05-30_0720.png,crop,0.582,121,430,0.3025,1.075,419,0.002619
2023-05-30_0720.png,weed,0.58,405,563,1.0125,1.4075,102,0.000638
2023-05-30_0720.png,weed,0.563,295,244,0.7375,0.61,85,0.000531
2023-05-30_0720.png,weed,0.545,424,587,1.06,1.4675,108,0.000675
2023-05-30_0720.png,weed,0.533,265,476,0.6625,1.19,125,0.000781
2023-05-30_0720.png,weed,0.524,23,552,0.0575,1.38,89,0.000556
2023-05-30_0720.png,weed,0.52,268,549,0.67,1.3725,117,0.000731
2023-05-30_0720.png,weed,0.519,74,13,0.185,0.0325,100,0.000625
2023-05-30_0720.png,weed,0.517,333,327,0.8325,0.8175,78,0.000488
2023-05-30_0720.png,weed,0.47,513,384,1.2825,0.96,116,0.000725
2023-05-30_0720.png,weed,0.449,107,555,0.2675,1.3875,96,0.0006
2023-05-30_0720.png,weed,0.374,253,595,0.6325,1.4875,69,0.000431
2023-05-30_0720.png,weed,0.364,546,28,1.365,0.07,135,0.000844
2023-05-30_0720.png,weed,0.353,361,558,0.9025,1.395,366,0.002288
2023-05-30_0720.png,weed,0.339,481,15,1.2025,0.0375,86,0.000538
2023-05-30_0720.png,weed,0.321,101,447,0.2525,1.1175,82,0.000513
2023-05-30_0720.png,weed,0.309,547,31,1.3675,0.0775,175,0.001094
2023-05-30_0720.png,weed,0.306,197,425,0.4925,1.0625,115,0.000719
2023-05-30_0720.png,weed,0.273,405,598,1.0125,1.495,21,0.000131
2023-05-30_0720.png,weed,0.223,32,520,0.08,1.3,62,0.000387
2023-05-30_0720.png,weed,0.216,364,556,0.91,1.39,231,0.001444
2023-05-30_0720.png,weed,0.206,264,559,0.66,1.3975,65,0.000406
2023-05-30_0720.png,weed,0.18,546,38,1.365,0.095,101,0.000631
2023-05-30_0720.png,weed,0.174,268,551,0.67,1.3775,164,0.001025
2023-05-30_0720.png,crop,0.173,405,436,1.0125,1.09,579,0.003619
2023-05-30_0720.png,weed,0.171,68,505,0.17,1.2625,71,0.000444
2023-05-30_0720.png,weed,0.165,201,2,0.5025,0.005,27,0.000169
2023-05-30_0720.png,weed,0.154,360,565,0.9,1.4125,245,0.001531
2023-05-30_0720.png,weed,0.153,201,3,0.5025,0.0075,50,0.000313
2023-05-30_0750.png,crop,0.924,368,491,0.92,1.2275,796,0.004975
2023-05-30_0750.png,crop,0.921,520,495,1.3,1.2375,514,0.003213
2023-05-30_0750.png,crop,0.916,155,144,0.3875,0.36,569,0.003556
2023-05-30_0750.png,crop,0.876,110,459,0.275,1.1475,502,0.003138
2023-05-30_0750.png,crop,0.87,299,160,0.7475,0.4,543,0.003394
2023-05-30_0750.png,crop,0.86,452,168,1.13,0.42,575,0.003594
2023-05-30_0750.png,crop,0.82,341,173,0.8525,0.4325,550,0.003438
2023-05-30_0750.png,weed,0.818,92,272,0.23,0.68,188,0.001175
2023-05-30_0750.png,weed,0.787,237,266,0.5925,0.665,207,0.001294
2023-05-30_0750.png,crop,0.787,263,479,0.6575,1.1975,698,0.004363
2023-05-30_0750.png,weed,0.74,213,253,0.5325,0.6325,288,0.0018
2023-05-30_0750.png,weed,0.737,544,254,1.36,0.635,202,0.001262
2023-05-30_0750.png,weed,0.736,404,190,1.01,0.475,171,0.001069
2023-05-30_0750.png,weed,0.721,359,323,0.8975,0.8075,163,0.001019
2023-05-30_0750.png,weed,0.708,581,355,1.4525,0.8875,173,0.001081
2023-05-30_0750.png,weed,0.705,176,356,0.44,0.89,144,0.0009
2023-05-30_0750.png,weed,0.704,72,394,0.18,0.985,158,0.000988
2023-05-30_0750.png,weed,0.699,59,473,0.1475,1.1825,176,0.0011
2023-05-30_0750.png,weed,0.692,68,136,0.17,0.34,167,0.001044
2023-05-30_0750.png,weed,0.691,527,592,1.3175,1.48,136,0.00085
2023-05-30_0750.png,weed,0.691,343,54,0.8575,0.135,202,0.001262
2023-05-30_0750.png,crop,0.682,588,196,1.47,0.49,366,0.002288
2023-05-30_0750.png,weed,0.679,87,173,0.2175,0.4325,144,0.0009
2023-05-30_0750.png,weed,0.675,583,173,1.4575,0.4325,146,0.000913
2023-05-30_0750.png,weed,0.668,262,233,0.655,0.5825,148,0.000925
2023-05-30_0750.png,weed,0.663,555,430,1.3875,1.075,106,0.000663
2023-05-30_0750.png,weed,0.657,391,361,0.9775,0.9025,117,0.000731
2023-05-30_0750.png,weed,0.654,245,32,0.6125,0.08,131,0.000819
2023-05-30_0750.png,weed,0.651,326,460,0.815,1.15,150,0.000937
2023-05-30_0750.png,weed,0.65,304,16,0.76,0.04,198,0.001238
2023-05-30_0750.png,weed,0.627,567,395,1.4175,0.9875,127,0.000794
2023-05-30_0750.png,crop,0.625,490,175,1.225,0.4375,195,0.001219
2023-05-30_0750.png,crop,0.607,21,139,0.0525,0.3475,512,0.0032
2023-05-30_0750.png,weed,0.599,161,593,0.4025,1.4825,157,0.000981
2023-05-30_0750.png,weed,0.589,414,149,1.035,0.3725,100,0.000625
2023-05-30_0750.png,weed,0.582,162,580,0.405,1.45,234,0.001463
2023-05-30_0750.png,weed,0.574,255,129,0.6375,0.3225,106,0.000663
2023-05-30_0750.png,weed,0.572,455,480,1.1375,1.2,145,0.000906
2023-05-30_0750.png,weed,0.571,213,497,0.5325,1.2425,267,0.001669
2023-05-30_0750.png,crop,0.565,588,498,1.47,1.245,198,0.001238
2023-05-30_0750.png,weed,0.558,147,9,0.3675,0.0225,139,0.000869
2023-05-30_0750.png,weed,0.557,532,172,1.33,0.43,84,0.000525
2023-05-30_0750.png,crop,0.531,209,457,0.5225,1.1425,538,0.003363
2023-05-30_0750.png,weed,0.527,458,18,1.145,0.045,112,0.0007
2023-05-30_0750.png,weed,0.516,118,367,0.295,0.9175,107,0.000669
2023-05-30_0750.png,weed,0.513,136,13,0.34,0.0325,100,0.000625
2023-05-30_0750.png,weed,0.499,440,6,1.1,0.015,126,0.000788
2023-05-30_0750.png,weed,0.496,590,337,1.475,0.8425,94,0.000588
2023-05-30_0750.png,weed,0.473,70,365,0.175,0.9125,131,0.000819
2023-05-30_0750.png,weed,0.469,74,89,0.185,0.2225,88,0.00055
2023-05-30_0750.png,weed,0.387,263,423,0.6575,1.0575,92,0.000575
2023-05-30_0750.png,weed,0.383,198,505,0.495,1.2625,127,0.000794
2023-05-30_0750.png,weed,0.378,259,414,0.6475,1.035,151,0.000944
2023-05-30_0750.png,weed,0.336,384,125,0.96,0.3125,69,0.000431
2023-05-30_0750.png,crop,0.328,51,129,0.1275,0.3225,236,0.001475
2023-05-30_0750.png,weed,0.312,211,313,0.5275,0.7825,119,0.000744
2023-05-30_0750.png,weed,0.294,432,519,1.08,1.2975,60,0.000375
2023-05-30_0750.png,weed,0.255,437,502,1.0925,1.255,65,0.000406
2023-05-30_0750.png,crop,0.229,42,140,0.105,0.35,465,0.002906
2023-05-30_0750.png,weed,0.216,490,2,1.225,0.005,49,0.000306
2023-05-30_0750.png,weed,0.192,210,497,0.525,1.2425,203,0.001269
2023-05-30_0750.png,weed,0.177,440,156,1.1,0.39,120,0.00075
2023-06-06_0161.png,crop,0.937,130,115,0.325,0.2875,830,0.005188
2023-06-06_0161.png,crop,0.932,517,133,1.2925,0.3325,1489,0.009306
2023-06-06_0161.png,crop,0.917,394,109,0.985,0.2725,734,0.004588
2023-06-06_0161.png,crop,0.916,124,432,0.31,1.08,994,0.006213
2023-06-06_0161.png,crop,0.905,453,130,1.1325,0.325,709,0.004431
2023-06-06_0161.png,crop,0.899,215,122,0.5375,0.305,682,0.004263
2023-06-06_0161.png,crop,0.89,554,430,1.385,1.075,1285,0.008031
2023-06-06_0161.png,weed,0.872,33,177,0.0825,0.4425,638,0.003987
2023-06-06_0161.png,crop,0.857,239,419,0.5975,1.0475,708,0.004425
2023-06-06_0161.png,crop,0.855,337,429,0.8425,1.0725,884,0.005525
2023-06-06_0161.png,crop,0.851,265,435,0.6625,1.0875,853,0.005331
2023-06-06_0161.png,weed,0.85,565,534,1.4125,1.335,204,0.001275
2023-06-06_0161.png,weed,0.848,430,532,1.075,1.33,267,0.001669
2023-06-06_0161.png,weed,0.845,383,537,0.9575,1.3425,290,0.001812
2023-06-06_0161.png,weed,0.844,73,414,0.1825,1.035,290,0.001812
2023-06-06_0161.png,weed,0.843,353,288,0.8825,0.72,479,0.002994
2023-06-06_0161.png,weed,0.839,397,20,0.9925,0.05,268,0.001675
2023-06-06_0161.png,weed,0.836,257,346,0.6425,0.865,233,0.001456
2023-06-06_0161.png,weed,0.832,78,229,0.195,0.5725,444,0.002775
2023-06-06_0161.png,weed,0.821,535,428,1.3375,1.07,310,0.001938
2023-06-06_0161.png,weed,0.819,125,483,0.3125,1.2075,453,0.002831
2023-06-06_0161.png,weed,0.817,169,185,0.4225,0.4625,346,0.002162
2023-06-06_0161.png,weed,0.813,436,476,1.09,1.19,194,0.001213
2023-06-06_0161.png,weed,0.81,364,477,0.91,1.1925,373,0.002331
2023-06-06_0161.png,weed,0.809,36,477,0.09,1.1925,311,0.001944
2023-06-06_0161.png,weed,0.805,302,523,0.755,1.3075,256,0.0016
2023-06-06_0161.png,weed,0.803,389,222,0.9725,0.555,236,0.001475
2023-06-06_0161.png,weed,0.799,251,245,0.6275,0.6125,177,0.001106
2023-06-06_0161.png,weed,0.795,385,253,0.9625,0.6325,204,0.001275
2023-06-06_0161.png,weed,0.785,92,524,0.23,1.31,213,0.001331
2023-06-06_0161.png,weed,0.782,61,181,0.1525,0.4525,244,0.001525
2023-06-06_0161.png,weed,0.774,431,183,1.0775,0.4575,216,0.00135
2023-06-06_0161.png,weed,0.765,351,385,0.8775,0.9625,282,0.001762
2023-06-06_0161.png,weed,0.751,447,571,1.1175,1.4275,162,0.001013
2023-06-06_0161.png,weed,0.749,341,198,0.8525,0.495,159,0.000994
2023-06-06_0161.png,weed,0.749,382,96,0.955,0.24,235,0.001469
2023-06-06_0161.png,weed,0.749,11,7,0.0275,0.0175,134,0.000838
2023-06-06_0161.png,weed,0.745,245,529,0.6125,1.3225,237,0.001481
2023-06-06_0161.png,weed,0.745,185,583,0.4625,1.4575,154,0.000963
2023-06-06_0161.png,weed,0.745,41,528,0.1025,1.32,225,0.001406
2023-06-06_0161.png,weed,0.743,198,423,0.495,1.0575,165,0.001031
2023-06-06_0161.png,weed,0.738,363,552,0.9075,1.38,166,0.001038
2023-06-06_0161.png,weed,0.732,39,589,0.0975,1.4725,168,0.00105
2023-06-06_0161.png,weed,0.704,447,383,1.1175,0.9575,217,0.001356
2023-06-06_0161.png,weed,0.702,467,275,1.1675,0.6875,1106,0.006913
2023-06-06_0161.png,weed,0.701,232,512,0.58,1.28,146,0.000913
2023-06-06_0161.png,weed,0.695,357,3,0.8925,0.0075,51,0.000319
2023-06-06_0161.png,weed,0.692,594,276,1.485,0.69,171,0.001069
2023-06-06_0161.png,weed,0.677,202,371,0.505,0.9275,143,0.000894
2023-06-06_0161.png,weed,0.672,174,536,0.435,1.34,185,0.001156
2023-06-06_0161.png,weed,0.662,526,356,1.315,0.89,267,0.001669
2023-06-06_0161.png,weed,0.659,581,564,1.4525,1.41,101,0.000631
2023-06-06_0161.png,weed,0.632,210,337,0.525,0.8425,302,0.001888
2023-06-06_0161.png,weed,0.622,349,140,0.8725,0.35,142,0.000887
2023-06-06_0161.png,weed,0.619,405,597,1.0125,1.4925,83,0.000519
2023-06-06_0161.png,weed,0.615,429,395,1.0725,0.9875,166,0.001038
2023-06-06_0161.png,weed,0.599,172,108,0.43,0.27,158,0.000988
2023-06-06_0161.png,weed,0.591,39,424,0.0975,1.06,126,0.000788
2023-06-06_0161.png,weed,0.555,273,181,0.6825,0.4525,120,0.00075
2023-06-06_0161.png,weed,0.552,526,364,1.315,0.91,298,0.001863
2023-06-06_0161.png,weed,0.535,287,33,0.7175,0.0825,101,0.000631
2023-06-06_0161.png,weed,0.528,406,174,1.015,0.435,233,0.001456
2023-06-06_0161.png,weed,0.52,342,595,0.855,1.4875,65,0.000406
2023-06-06_0161.png,weed,0.509,493,594,1.2325,1.485,71,0.000444
2023-06-06_0161.png,weed,0.507,590,325,1.475,0.8125,233,0.001456
2023-06-06_0161.png,weed,0.494,397,184,0.9925,0.46,205,0.001281
2023-06-06_0161.png,weed,0.454,267,593,0.6675,1.4825,49,0.000306
2023-06-06_0161.png,weed,0.45,100,476,0.25,1.19,136,0.00085
2023-06-06_0161.png,weed,0.447,5,454,0.0125,1.135,29,0.000181
2023-06-06_0161.png,weed,0.434,210,342,0.525,0.855,207,0.001294
2023-06-06_0161.png,weed,0.434,424,515,1.06,1.2875,90,0.000563
2023-06-06_0161.png,weed,0.375,466,297,1.165,0.7425,671,0.004194
2023-06-06_0161.png,weed,0.365,94,551,0.235,1.3775,80,0.0005
2023-06-06_0161.png,weed,0.345,95,24,0.2375,0.06,96,0.0006
2023-06-06_0161.png,weed,0.317,466,282,1.165,0.705,1438,0.008988
2023-06-06_0161.png,weed,0.299,598,540,1.495,1.35,48,0.0003
2023-06-06_0161.png,weed,0.284,2,419,0.005,1.0475,52,0.000325
2023-06-06_0161.png,weed,0.281,305,341,0.7625,0.8525,104,0.00065
2023-06-06_0161.png,weed,0.253,596,590,1.49,1.475,56,0.00035
2023-06-06_0161.png,weed,0.252,281,209,0.7025,0.5225,144,0.0009
2023-06-06_0161.png,weed,0.249,3,425,0.0075,1.0625,54,0.000338
2023-06-06_0161.png,weed,0.249,468,300,1.17,0.75,494,0.003088
2023-06-06_0161.png,weed,0.244,307,342,0.7675,0.855,95,0.000594
2023-06-06_0161.png,weed,0.243,583,496,1.4575,1.24,87,0.000544
2023-06-06_0161.png,weed,0.237,396,125,0.99,0.3125,114,0.000713
2023-06-06_0161.png,weed,0.234,509,90,1.2725,0.225,79,0.000494
2023-06-06_0161.png,weed,0.208,165,554,0.4125,1.385,87,0.000544
2023-06-06_0161.png,weed,0.204,4,439,0.01,1.0975,102,0.000638
2023-06-06_0161.png,weed,0.203,510,92,1.275,0.23,103,0.000644
2023-06-06_0161.png,weed,0.198,582,324,1.455,0.81,253,0.001581
2023-06-06_0161.png,weed,0.198,569,337,1.4225,0.8425,501,0.003131
2023-06-06_0161.png,weed,0.183,410,59,1.025,0.1475,75,0.000469
2023-06-06_0161.png,weed,0.179,514,100,1.285,0.25,108,0.000675
2023-06-06_0161.png,weed,0.171,555,342,1.3875,0.855,216,0.00135
2023-06-06_0161.png,weed,0.151,473,300,1.1825,0.75,418,0.002612
2023-06-06_0166.png,weed,0.798,319,146,0.7975,0.365,575,0.003594
2023-06-06_0166.png,weed,0.794,143,540,0.3575,1.35,198,0.001238
2023-06-06_0166.png,weed,0.787,200,336,0.5,0.84,264,0.00165
2023-06-06_0166.png,weed,0.781,386,273,0.965,0.6825,316,0.001975
2023-06-06_0166.png,weed,0.772,8,135,0.02,0.3375,153,0.000956
2023-06-06_0166.png,weed,0.77,230,84,0.575,0.21,213,0.001331
2023-06-06_0166.png,weed,0.764,548,387,1.37,0.9675,171,0.001069
2023-06-06_0166.png,weed,0.761,133,354,0.3325,0.885,240,0.0015
2023-06-06_0166.png,weed,0.748,257,222,0.6425,0.555,178,0.001112
2023-06-06_0166.png,weed,0.728,232,354,0.58,0.885,160,0.001
2023-06-06_0166.png,weed,0.727,330,213,0.825,0.5325,177,0.001106
2023-06-06_0166.png,weed,0.721,419,162,1.0475,0.405,123,0.000769
2023-06-06_0166.png,weed,0.72,258,468,0.645,1.17,136,0.00085
2023-06-06_0166.png,weed,0.716,373,50,0.9325,0.125,362,0.002263
2023-06-06_0166.png,weed,0.71,172,592,0.43,1.48,141,0.000881
2023-06-06_0166.png,weed,0.693,571,396,1.4275,0.99,144,0.0009
2023-06-06_0166.png,weed,0.683,179,77,0.4475,0.1925,128,0.0008
2023-06-06_0166.png,weed,0.672,50,570,0.125,1.425,453,0.002831
2023-06-06_0166.png,weed,0.619,394,65,0.985,0.1625,138,0.000863
2023-06-06_0166.png,weed,0.618,89,548,0.2225,1.37,157,0.000981
2023-06-06_0166.png,weed,0.614,224,469,0.56,1.1725,135,0.000844
2023-06-06_0166.png,weed,0.588,354,23,0.885,0.0575,318,0.001988
2023-06-06_0166.png,weed,0.587,412,116,1.03,0.29,137,0.000856
2023-06-06_0166.png,weed,0.544,333,36,0.8325,0.09,558,0.003488
2023-06-06_0166.png,weed,0.535,324,33,0.81,0.0825,298,0.001863
2023-06-06_0166.png,weed,0.534,118,353,0.295,0.8825,124,0.000775
2023-06-06_0166.png,weed,0.528,278,102,0.695,0.255,120,0.00075
2023-06-06_0166.png,weed,0.525,315,285,0.7875,0.7125,149,0.000931
2023-06-06_0166.png,weed,0.524,19,232,0.0475,0.58,89,0.000556
2023-06-06_0166.png,weed,0.501,503,259,1.2575,0.6475,90,0.000563
2023-06-06_0166.png,weed,0.448,330,112,0.825,0.28,226,0.001413
2023-06-06_0166.png,weed,0.425,395,55,0.9875,0.1375,79,0.000494
2023-06-06_0166.png,weed,0.419,300,32,0.75,0.08,335,0.002094
2023-06-06_0166.png,weed,0.403,508,531,1.27,1.3275,109,0.000681
2023-06-06_0166.png,weed,0.393,572,574,1.43,1.435,87,0.000544
2023-06-06_0166.png,weed,0.382,346,131,0.865,0.3275,1404,0.008775
2023-06-06_0166.png,weed,0.367,108,228,0.27,0.57,106,0.000663
2023-06-06_0166.png,weed,0.345,416,222,1.04,0.555,84,0.000525
2023-06-06_0166.png,weed,0.331,538,557,1.345,1.3925,75,0.000469
2023-06-06_0166.png,weed,0.326,101,276,0.2525,0.69,557,0.003481
2023-06-06_0166.png,crop,0.32,124,214,0.31,0.535,103,0.000644
2023-06-06_0166.png,weed,0.317,148,358,0.37,0.895,85,0.000531
2023-06-06_0166.png,weed,0.31,99,286,0.2475,0.715,219,0.001369
2023-06-06_0166.png,weed,0.307,280,165,0.7,0.4125,113,0.000706
2023-06-06_0166.png,weed,0.306,100,264,0.25,0.66,187,0.001169
2023-06-06_0166.png,weed,0.299,353,18,0.8825,0.045,239,0.001494
2023-06-06_0166.png,weed,0.253,460,328,1.15,0.82,108,0.000675
2023-06-06_0166.png,weed,0.244,395,67,0.9875,0.1675,164,0.001025
2023-06-06_0166.png,crop,0.241,386,499,0.965,1.2475,114,0.000713
2023-06-06_0166.png,weed,0.235,367,149,0.9175,0.3725,155,0.000969
2023-06-06_0166.png,weed,0.229,596,481,1.49,1.2025,31,0.000194
2023-06-06_0166.png,weed,0.215,395,73,0.9875,0.1825,121,0.000756
2023-06-06_0166.png,crop,0.214,11,175,0.0275,0.4375,85,0.000531
2023-06-06_0166.png,weed,0.209,127,494,0.3175,1.235,80,0.0005
2023-06-06_0166.png,weed,0.205,504,371,1.26,0.9275,86,0.000538
2023-06-06_0166.png,weed,0.203,203,592,0.5075,1.48,68,0.000425
2023-06-06_0166.png,weed,0.198,568,261,1.42,0.6525,75,0.000469
2023-06-06_0166.png,crop,0.194,203,592,0.5075,1.48,74,0.000463
2023-06-06_0166.png,crop,0.192,299,461,0.7475,1.1525,69,0.000431
2023-06-06_0166.png,weed,0.187,396,70,0.99,0.175,103,0.000644
2023-06-06_0166.png,weed,0.186,502,83,1.255,0.2075,63,0.000394
2023-06-06_0166.png,weed,0.182,344,145,0.86,0.3625,166,0.001038
2023-06-06_0166.png,weed,0.178,71,497,0.1775,1.2425,75,0.000469
2023-06-06_0166.png,crop,0.178,197,474,0.4925,1.185,120,0.00075
2023-06-06_0166.png,weed,0.176,324,26,0.81,0.065,189,0.001181
2023-06-06_0166.png,weed,0.175,501,193,1.2525,0.4825,65,0.000406
2023-06-06_0166.png,weed,0.174,395,62,0.9875,0.155,209,0.001306
2023-06-06_0166.png,weed,0.171,12,174,0.03,0.435,89,0.000556
2023-06-06_0166.png,weed,0.171,197,474,0.4925,1.185,101,0.000631
2023-06-06_0166.png,weed,0.17,371,490,0.9275,1.225,82,0.000513
2023-06-06_0166.png,weed,0.165,338,36,0.845,0.09,320,0.002
2023-06-06_0166.png,weed,0.164,540,455,1.35,1.1375,60,0.000375
2023-06-06_0176.png,crop,0.882,144,455,0.36,1.1375,1155,0.007219
2023-06-06_0176.png,weed,0.859,506,294,1.265,0.735,533,0.003331
2023-06-06_0176.png,crop,0.844,519,457,1.2975,1.1425,1062,0.006638
2023-06-06_0176.png,weed,0.838,391,316,0.9775,0.79,446,0.002788
2023-06-06_0176.png,weed,0.831,452,401,1.13,1.0025,254,0.001588
2023-06-06_0176.png,weed,0.823,508,245,1.27,0.6125,338,0.002112
2023-06-06_0176.png,weed,0.822,381,454,0.9525,1.135,314,0.001963
2023-06-06_0176.png,weed,0.818,145,298,0.3625,0.745,305,0.001906
2023-06-06_0176.png,weed,0.803,125,225,0.3125,0.5625,372,0.002325
2023-06-06_0176.png,crop,0.802,237,462,0.5925,1.155,1076,0.006725
2023-06-06_0176.png,weed,0.8,310,234,0.775,0.585,151,0.000944
2023-06-06_0176.png,weed,0.787,347,90,0.8675,0.225,240,0.0015
2023-06-06_0176.png,weed,0.785,542,537,1.355,1.3425,682,0.004263
2023-06-06_0176.png,crop,0.782,6,456,0.015,1.14,228,0.001425
2023-06-06_0176.png,weed,0.781,472,152,1.18,0.38,189,0.001181
2023-06-06_0176.png,weed,0.775,588,314,1.47,0.785,320,0.002
2023-06-06_0176.png,weed,0.775,292,156,0.73,0.39,214,0.001338
2023-06-06_0176.png,weed,0.774,534,270,1.335,0.675,406,0.002538
2023-06-06_0176.png,weed,0.774,145,144,0.3625,0.36,209,0.001306
2023-06-06_0176.png,weed,0.769,316,551,0.79,1.3775,209,0.001306
2023-06-06_0176.png,weed,0.765,563,304,1.4075,0.76,407,0.002544
2023-06-06_0176.png,weed,0.763,438,65,1.095,0.1625,207,0.001294
2023-06-06_0176.png,weed,0.756,579,433,1.4475,1.0825,200,0.00125
2023-06-06_0176.png,weed,0.753,407,361,1.0175,0.9025,127,0.000794
2023-06-06_0176.png,weed,0.748,285,343,0.7125,0.8575,180,0.001125
2023-06-06_0176.png,crop,0.747,20,196,0.05,0.49,520,0.00325
2023-06-06_0176.png,crop,0.736,299,466,0.7475,1.165,1072,0.0067
2023-06-06_0176.png,weed,0.726,508,98,1.27,0.245,137,0.000856
2023-06-06_0176.png,weed,0.722,128,367,0.32,0.9175,130,0.000813
2023-06-06_0176.png,weed,0.718,342,484,0.855,1.21,318,0.001988
2023-06-06_0176.png,weed,0.714,299,410,0.7475,1.025,174,0.001087
2023-06-06_0176.png,weed,0.714,43,558,0.1075,1.395,180,0.001125
2023-06-06_0176.png,weed,0.711,509,172,1.2725,0.43,230,0.001438
2023-06-06_0176.png,weed,0.704,252,240,0.63,0.6,114,0.000713
2023-06-06_0176.png,weed,0.702,579,551,1.4475,1.3775,542,0.003387
2023-06-06_0176.png,weed,0.699,553,26,1.3825,0.065,174,0.001087
2023-06-06_0176.png,weed,0.69,592,192,1.48,0.48,118,0.000737
2023-06-06_0176.png,weed,0.684,356,546,0.89,1.365,459,0.002869
2023-06-06_0176.png,weed,0.68,446,271,1.115,0.6775,197,0.001231
2023-06-06_0176.png,weed,0.679,288,471,0.72,1.1775,238,0.001487
2023-06-06_0176.png,weed,0.678,451,575,1.1275,1.4375,268,0.001675
2023-06-06_0176.png,weed,0.63,579,98,1.4475,0.245,157,0.000981
2023-06-06_0176.png,weed,0.605,462,39,1.155,0.0975,196,0.001225
2023-06-06_0176.png,weed,0.596,581,220,1.4525,0.55,179,0.001119
2023-06-06_0176.png,weed,0.588,336,71,0.84,0.1775,113,0.000706
2023-06-06_0176.png,weed,0.579,590,241,1.475,0.6025,113,0.000706
2023-06-06_0176.png,weed,0.568,122,146,0.305,0.365,101,0.000631
2023-06-06_0176.png,weed,0.565,479,532,1.1975,1.33,225,0.001406
2023-06-06_0176.png,weed,0.564,369,591,0.9225,1.4775,186,0.001163
2023-06-06_0176.png,weed,0.553,595,106,1.4875,0.265,67,0.000419
2023-06-06_0176.png,weed,0.544,270,186,0.675,0.465,127,0.000794
2023-06-06_0176.png,weed,0.541,460,487,1.15,1.2175,89,0.000556
2023-06-06_0176.png,weed,0.54,303,98,0.7575,0.245,87,0.000544
2023-06-06_0176.png,weed,0.539,568,207,1.42,0.5175,133,0.000831
2023-06-06_0176.png,weed,0.538,474,450,1.185,1.125,169,0.001056
2023-06-06_0176.png,weed,0.535,251,562,0.6275,1.405,189,0.001181
2023-06-06_0176.png,weed,0.531,116,597,0.29,1.4925,89,0.000556
2023-06-06_0176.png,weed,0.53,407,339,1.0175,0.8475,103,0.000644
2023-06-06_0176.png,weed,0.528,406,542,1.015,1.355,118,0.000737
2023-06-06_0176.png,weed,0.524,128,460,0.32,1.15,122,0.000763
2023-06-06_0176.png,weed,0.523,535,457,1.3375,1.1425,253,0.001581
2023-06-06_0176.png,weed,0.519,595,387,1.4875,0.9675,85,0.000531
2023-06-06_0176.png,weed,0.51,487,474,1.2175,1.185,306,0.001913
2023-06-06_0176.png,weed,0.499,392,587,0.98,1.4675,145,0.000906
2023-06-06_0176.png,weed,0.498,517,46,1.2925,0.115,122,0.000763
2023-06-06_0176.png,weed,0.498,547,492,1.3675,1.23,154,0.000963
2023-06-06_0176.png,weed,0.496,252,479,0.63,1.1975,287,0.001794
2023-06-06_0176.png,weed,0.496,555,142,1.3875,0.355,770,0.004812
2023-06-06_0176.png,weed,0.478,113,107,0.2825,0.2675,76,0.000475
2023-06-06_0176.png,weed,0.474,102,215,0.255,0.5375,392,0.00245
2023-06-06_0176.png,weed,0.471,8,372,0.02,0.93,76,0.000475
2023-06-06_0176.png,weed,0.465,389,540,0.9725,1.35,144,0.0009
2023-06-06_0176.png,weed,0.445,399,119,0.9975,0.2975,556,0.003475
2023-06-06_0176.png,weed,0.44,430,9,1.075,0.0225,118,0.000737
2023-06-06_0176.png,weed,0.433,9,422,0.0225,1.055,70,0.000438
2023-06-06_0176.png,weed,0.423,277,488,0.6925,1.22,215,0.001344
2023-06-06_0176.png,weed,0.422,528,218,1.32,0.545,129,0.000806
2023-06-06_0176.png,weed,0.41,278,395,0.695,0.9875,97,0.000606
2023-06-06_0176.png,weed,0.39,561,11,1.4025,0.0275,144,0.0009
2023-06-06_0176.png,weed,0.36,64,559,0.16,1.3975,111,0.000694
2023-06-06_0176.png,weed,0.359,538,133,1.345,0.3325,166,0.001038
2023-06-06_0176.png,weed,0.359,461,80,1.1525,0.2,99,0.000619
2023-06-06_0176.png,weed,0.342,389,216,0.9725,0.54,107,0.000669
2023-06-06_0176.png,weed,0.339,115,596,0.2875,1.49,85,0.000531
2023-06-06_0176.png,weed,0.337,255,430,0.6375,1.075,105,0.000656
2023-06-06_0176.png,weed,0.324,581,186,1.4525,0.465,78,0.000488
2023-06-06_0176.png,weed,0.322,391,108,0.9775,0.27,243,0.001519
2023-06-06_0176.png,weed,0.299,567,138,1.4175,0.345,309,0.001931
2023-06-06_0176.png,weed,0.294,292,375,0.73,0.9375,160,0.001
2023-06-06_0176.png,weed,0.283,484,585,1.21,1.4625,283,0.001769
2023-06-06_0176.png,weed,0.278,561,139,1.4025,0.3475,459,0.002869
2023-06-06_0176.png,weed,0.277,366,33,0.915,0.0825,121,0.000756
2023-06-06_0176.png,weed,0.271,475,586,1.1875,1.465,192,0.0012
2023-06-06_0176.png,weed,0.249,189,596,0.4725,1.49,43,0.000269
2023-06-06_0176.png,weed,0.245,580,543,1.45,1.3575,383,0.002394
2023-06-06_0176.png,weed,0.236,499,519,1.2475,1.2975,128,0.0008
2023-06-06_0176.png,weed,0.231,435,10,1.0875,0.025,148,0.000925
2023-06-06_0176.png,weed,0.23,523,56,1.3075,0.14,286,0.001788
2023-06-06_0176.png,weed,0.229,189,597,0.4725,1.4925,45,0.000281
2023-06-06_0176.png,weed,0.222,69,595,0.1725,1.4875,36,0.000225
2023-06-06_0176.png,weed,0.22,584,287,1.46,0.7175,134,0.000838
2023-06-06_0176.png,weed,0.217,554,480,1.385,1.2,330,0.002063
2023-06-06_0176.png,weed,0.215,498,593,1.245,1.4825,106,0.000663
2023-06-06_0176.png,weed,0.202,3,502,0.0075,1.255,23,0.000144
2023-06-06_0176.png,weed,0.202,387,3,0.9675,0.0075,37,0.000231
2023-06-06_0176.png,weed,0.201,293,373,0.7325,0.9325,190,0.001188
2023-06-06_0176.png,weed,0.201,97,471,0.2425,1.1775,75,0.000469
2023-06-06_0176.png,weed,0.2,141,169,0.3525,0.4225,55,0.000344
2023-06-06_0176.png,weed,0.199,403,124,1.0075,0.31,422,0.002638
2023-06-06_0176.png,weed,0.187,590,245,1.475,0.6125,106,0.000663
2023-06-06_0176.png,weed,0.186,531,65,1.3275,0.1625,146,0.000913
2023-06-06_0176.png,weed,0.182,173,152,0.4325,0.38,67,0.000419
2023-06-06_0176.png,weed,0.18,466,170,1.165,0.425,90,0.000563
2023-06-06_0176.png,weed,0.179,472,527,1.18,1.3175,113,0.000706
2023-06-06_0176.png,weed,0.173,389,26,0.9725,0.065,66,0.000413
2023-06-06_0176.png,weed,0.168,197,44,0.4925,0.11,55,0.000344
2023-06-06_0176.png,weed,0.168,380,587,0.95,1.4675,329,0.002056
2023-06-06_0176.png,weed,0.164,319,56,0.7975,0.14,57,0.000356
2023-06-06_0176.png,weed,0.157,595,85,1.4875,0.2125,57,0.000356
2023-06-06_0231.png,crop,0.923,246,506,0.615,1.265,1462,0.009138
2023-06-06_0231.png,crop,0.919,565,515,1.4125,1.2875,1457,0.009106
2023-06-06_0231.png,crop,0.912,93,523,0.2325,1.3075,808,0.00505
2023-06-06_0231.png,crop,0.901,142,528,0.355,1.32,1630,0.010188
2023-06-06_0231.png,weed,0.9,404,360,1.01,0.9,706,0.004413
2023-06-06_0231.png,crop,0.899,367,531,0.9175,1.3275,3042,0.019013
2023-06-06_0231.png,weed,0.892,499,287,1.2475,0.7175,767,0.004794
2023-06-06_0231.png,crop,0.883,578,194,1.445,0.485,829,0.005181
2023-06-06_0231.png,crop,0.872,116,229,0.29,0.5725,1432,0.00895
2023-06-06_0231.png,weed,0.862,173,326,0.4325,0.815,402,0.002513
2023-06-06_0231.png,weed,0.855,304,525,0.76,1.3125,320,0.002
2023-06-06_0231.png,weed,0.841,456,211,1.14,0.5275,322,0.002012
2023-06-06_0231.png,weed,0.841,528,20,1.32,0.05,462,0.002888
2023-06-06_0231.png,weed,0.828,554,331,1.385,0.8275,263,0.001644
2023-06-06_0231.png,weed,0.825,475,494,1.1875,1.235,332,0.002075
2023-06-06_0231.png,weed,0.823,486,18,1.215,0.045,465,0.002906
2023-06-06_0231.png,weed,0.82,216,511,0.54,1.2775,329,0.002056
2023-06-06_0231.png,weed,0.818,352,35,0.88,0.0875,234,0.001463
2023-06-06_0231.png,weed,0.814,419,468,1.0475,1.17,215,0.001344
2023-06-06_0231.png,weed,0.782,358,70,0.895,0.175,236,0.001475
2023-06-06_0231.png,weed,0.774,24,501,0.06,1.2525,202,0.001262
2023-06-06_0231.png,weed,0.764,474,45,1.185,0.1125,181,0.001131
2023-06-06_0231.png,weed,0.76,544,41,1.36,0.1025,336,0.0021
2023-06-06_0231.png,weed,0.748,243,21,0.6075,0.0525,241,0.001506
2023-06-06_0231.png,weed,0.747,312,470,0.78,1.175,152,0.00095
2023-06-06_0231.png,weed,0.74,558,465,1.395,1.1625,295,0.001844
2023-06-06_0231.png,weed,0.73,167,514,0.4175,1.285,459,0.002869
2023-06-06_0231.png,weed,0.712,373,8,0.9325,0.02,215,0.001344
2023-06-06_0231.png,weed,0.711,22,375,0.055,0.9375,181,0.001131
2023-06-06_0231.png,weed,0.709,263,269,0.6575,0.6725,177,0.001106
2023-06-06_0231.png,weed,0.701,166,41,0.415,0.1025,195,0.001219
2023-06-06_0231.png,weed,0.69,68,367,0.17,0.9175,120,0.00075
2023-06-06_0231.png,weed,0.667,552,196,1.38,0.49,199,0.001244
2023-06-06_0231.png,weed,0.656,529,301,1.3225,0.7525,161,0.001006
2023-06-06_0231.png,crop,0.653,30,226,0.075,0.565,518,0.003237
2023-06-06_0231.png,weed,0.648,40,539,0.1,1.3475,159,0.000994
2023-06-06_0231.png,weed,0.624,539,495,1.3475,1.2375,247,0.001544
2023-06-06_0231.png,weed,0.606,314,226,0.785,0.565,346,0.002162
2023-06-06_0231.png,weed,0.595,16,77,0.04,0.1925,140,0.000875
2023-06-06_0231.png,weed,0.552,105,292,0.2625,0.73,139,0.000869
2023-06-06_0231.png,weed,0.551,134,594,0.335,1.485,90,0.000563
2023-06-06_0231.png,weed,0.538,367,213,0.9175,0.5325,478,0.002988
2023-06-06_0231.png,weed,0.536,12,361,0.03,0.9025,193,0.001206
2023-06-06_0231.png,weed,0.511,182,138,0.455,0.345,130,0.000813
2023-06-06_0231.png,weed,0.494,596,95,1.49,0.2375,46,0.000287
2023-06-06_0231.png,weed,0.481,430,380,1.075,0.95,207,0.001294
2023-06-06_0231.png,weed,0.477,157,499,0.3925,1.2475,125,0.000781
2023-06-06_0231.png,weed,0.465,458,503,1.145,1.2575,128,0.0008
2023-06-06_0231.png,weed,0.46,20,204,0.05,0.51,150,0.000937
2023-06-06_0231.png,weed,0.444,300,26,0.75,0.065,170,0.001063
2023-06-06_0231.png,weed,0.436,254,188,0.635,0.47,74,0.000463
2023-06-06_0231.png,weed,0.411,362,213,0.905,0.5325,302,0.001888
2023-06-06_0231.png,weed,0.405,66,105,0.165,0.2625,137,0.000856
2023-06-06_0231.png,weed,0.397,373,213,0.9325,0.5325,218,0.001363
2023-06-06_0231.png,weed,0.39,105,359,0.2625,0.8975,113,0.000706
2023-06-06_0231.png,crop,0.384,12,361,0.03,0.9025,170,0.001063
2023-06-06_0231.png,weed,0.365,305,212,0.7625,0.53,187,0.001169
2023-06-06_0231.png,weed,0.351,111,142,0.2775,0.355,118,0.000737
2023-06-06_0231.png,weed,0.322,278,55,0.695,0.1375,100,0.000625
2023-06-06_0231.png,weed,0.275,311,219,0.7775,0.5475,494,0.003088
2023-06-06_0231.png,weed,0.269,585,78,1.4625,0.195,57,0.000356
2023-06-06_0231.png,weed,0.257,267,81,0.6675,0.2025,87,0.000544
2023-06-06_0231.png,weed,0.244,48,57,0.12,0.1425,188,0.001175
2023-06-06_0231.png,weed,0.208,165,159,0.4125,0.3975,83,0.000519
2023-06-06_0231.png,weed,0.205,44,66,0.11,0.165,115,0.000719
2023-06-06_0231.png,weed,0.202,267,79,0.6675,0.1975,83,0.000519
2023-06-06_0231.png,weed,0.201,440,505,1.1,1.2625,108,0.000675
2023-06-06_0231.png,weed,0.187,592,326,1.48,0.815,67,0.000419
2023-06-06_0231.png,weed,0.178,296,27,0.74,0.0675,124,0.000775
2023-06-06_0231.png,weed,0.157,276,376,0.69,0.94,49,0.000306
2023-06-06_0667.png,crop,0.923,192,421,0.48,1.0525,1507,0.009419
2023-06-06_0667.png,weed,0.906,154,341,0.385,0.8525,839,0.005244
2023-06-06_0667.png,crop,0.902,284,409,0.71,1.0225,842,0.005262
2023-06-06_0667.png,weed,0.893,418,318,1.045,0.795,1273,0.007956
2023-06-06_0667.png,weed,0.892,51,163,0.1275,0.4075,1071,0.006694
2023-06-06_0667.png,crop,0.891,430,127,1.075,0.3175,2809,0.017556
2023-06-06_0667.png,weed,0.89,60,42,0.15,0.105,1477,0.009231
2023-06-06_0667.png,weed,0.888,536,488,1.34,1.22,711,0.004444
2023-06-06_0667.png,weed,0.887,552,417,1.38,1.0425,778,0.004863
2023-06-06_0667.png,crop,0.878,58,402,0.145,1.005,2311,0.014444
2023-06-06_0667.png,weed,0.876,374,282,0.935,0.705,611,0.003819
2023-06-06_0667.png,crop,0.872,231,73,0.5775,0.1825,2371,0.014819
2023-06-06_0667.png,weed,0.872,297,140,0.7425,0.35,813,0.005081
2023-06-06_0667.png,weed,0.869,281,351,0.7025,0.8775,461,0.002881
2023-06-06_0667.png,weed,0.867,331,442,0.8275,1.105,1163,0.007269
2023-06-06_0667.png,weed,0.867,396,29,0.99,0.0725,759,0.004744
2023-06-06_0667.png,crop,0.861,530,91,1.325,0.2275,2195,0.013719
2023-06-06_0667.png,weed,0.851,290,544,0.725,1.36,1373,0.008581
2023-06-06_0667.png,crop,0.85,24,59,0.06,0.1475,858,0.005363
2023-06-06_0667.png,weed,0.848,249,64,0.6225,0.16,1499,0.009369
2023-06-06_0667.png,weed,0.848,455,558,1.1375,1.395,799,0.004994
2023-06-06_0667.png,weed,0.841,54,252,0.135,0.63,1223,0.007644
2023-06-06_0667.png,weed,0.84,104,390,0.26,0.975,361,0.002256
2023-06-06_0667.png,weed,0.838,400,170,1.0,0.425,297,0.001856
2023-06-06_0667.png,weed,0.836,168,91,0.42,0.2275,1242,0.007763
2023-06-06_0667.png,weed,0.833,361,189,0.9025,0.4725,343,0.002144
2023-06-06_0667.png,weed,0.833,366,414,0.915,1.035,264,0.00165
2023-06-06_0667.png,weed,0.832,11,36,0.0275,0.09,331,0.002069
2023-06-06_0667.png,weed,0.828,187,501,0.4675,1.2525,280,0.00175
2023-06-06_0667.png,weed,0.825,566,336,1.415,0.84,415,0.002594
2023-06-06_0667.png,weed,0.82,458,10,1.145,0.025,164,0.001025
2023-06-06_0667.png,weed,0.813,260,31,0.65,0.0775,278,0.001738
2023-06-06_0667.png,weed,0.811,224,108,0.56,0.27,372,0.002325
2023-06-06_0667.png,weed,0.809,11,170,0.0275,0.425,233,0.001456
2023-06-06_0667.png,weed,0.808,495,117,1.2375,0.2925,395,0.002469
2023-06-06_0667.png,weed,0.808,210,404,0.525,1.01,360,0.00225
2023-06-06_0667.png,crop,0.806,573,438,1.4325,1.095,1536,0.0096
2023-06-06_0667.png,weed,0.803,286,572,0.715,1.43,506,0.003163
2023-06-06_0667.png,weed,0.801,541,158,1.3525,0.395,801,0.005006
2023-06-06_0667.png,crop,0.8,131,95,0.3275,0.2375,2341,0.014631
2023-06-06_0667.png,weed,0.799,239,593,0.5975,1.4825,215,0.001344
2023-06-06_0667.png,weed,0.796,567,576,1.4175,1.44,225,0.001406
2023-06-06_0667.png,weed,0.794,148,145,0.37,0.3625,295,0.001844
2023-06-06_0667.png,weed,0.791,145,74,0.3625,0.185,640,0.004
2023-06-06_0667.png,crop,0.775,388,433,0.97,1.0825,1939,0.012119
2023-06-06_0667.png,weed,0.774,587,311,1.4675,0.7775,254,0.001588
2023-06-06_0667.png,weed,0.773,133,266,0.3325,0.665,560,0.0035
2023-06-06_0667.png,weed,0.77,365,85,0.9125,0.2125,840,0.00525
2023-06-06_0667.png,weed,0.768,286,63,0.715,0.1575,1207,0.007544
2023-06-06_0667.png,weed,0.765,374,457,0.935,1.1425,494,0.003088
2023-06-06_0667.png,weed,0.76,17,99,0.0425,0.2475,607,0.003794
2023-06-06_0667.png,weed,0.759,9,560,0.0225,1.4,451,0.002819
2023-06-06_0667.png,weed,0.755,77,367,0.1925,0.9175,336,0.0021
2023-06-06_0667.png,weed,0.742,106,291,0.265,0.7275,430,0.002687
2023-06-06_0667.png,weed,0.739,424,12,1.06,0.03,439,0.002744
2023-06-06_0667.png,weed,0.738,38,8,0.095,0.02,341,0.002131
2023-06-06_0667.png,weed,0.737,570,65,1.425,0.1625,1192,0.00745
2023-06-06_0667.png,weed,0.723,487,593,1.2175,1.4825,128,0.0008
2023-06-06_0667.png,weed,0.72,366,57,0.915,0.1425,434,0.002713
2023-06-06_0667.png,weed,0.713,166,416,0.415,1.04,335,0.002094
2023-06-06_0667.png,weed,0.713,343,412,0.8575,1.03,142,0.000887
2023-06-06_0667.png,weed,0.712,357,553,0.8925,1.3825,107,0.000669
2023-06-06_0667.png,weed,0.709,265,531,0.6625,1.3275,185,0.001156
2023-06-06_0667.png,weed,0.707,585,95,1.4625,0.2375,807,0.005044
2023-06-06_0667.png,weed,0.685,147,20,0.3675,0.05,1637,0.010231
2023-06-06_0667.png,weed,0.684,479,90,1.1975,0.225,200,0.00125
2023-06-06_0667.png,weed,0.683,574,46,1.435,0.115,233,0.001456
2023-06-06_0667.png,weed,0.681,566,114,1.415,0.285,1167,0.007294
2023-06-06_0667.png,weed,0.674,540,100,1.35,0.25,594,0.003713
2023-06-06_0667.png,weed,0.671,132,292,0.33,0.73,602,0.003763
2023-06-06_0667.png,weed,0.668,113,264,0.2825,0.66,460,0.002875
2023-06-06_0667.png,weed,0.663,475,136,1.1875,0.34,230,0.001438
2023-06-06_0667.png,weed,0.647,28,263,0.07,0.6575,284,0.001775
2023-06-06_0667.png,weed,0.642,288,109,0.72,0.2725,1206,0.007538
2023-06-06_0667.png,weed,0.631,588,595,1.47,1.4875,72,0.00045
2023-06-06_0667.png,weed,0.622,550,308,1.375,0.77,142,0.000887
2023-06-06_0667.png,weed,0.597,383,594,0.9575,1.485,110,0.000688
2023-06-06_0667.png,weed,0.596,94,21,0.235,0.0525,162,0.001013
2023-06-06_0667.png,weed,0.584,321,105,0.8025,0.2625,487,0.003044
2023-06-06_0667.png,weed,0.58,585,385,1.4625,0.9625,126,0.000788
2023-06-06_0667.png,weed,0.551,19,490,0.0475,1.225,94,0.000588
2023-06-06_0667.png,crop,0.513,345,90,0.8625,0.225,762,0.004763
2023-06-06_0667.png,weed,0.509,390,67,0.975,0.1675,907,0.005669
2023-06-06_0667.png,weed,0.509,324,79,0.81,0.1975,303,0.001894
2023-06-06_0667.png,weed,0.506,318,120,0.795,0.3,353,0.002206
2023-06-06_0667.png,weed,0.49,103,455,0.2575,1.1375,77,0.000481
2023-06-06_0667.png,weed,0.458,527,593,1.3175,1.4825,74,0.000463
2023-06-06_0667.png,weed,0.445,173,396,0.4325,0.99,147,0.000919
2023-06-06_0667.png,weed,0.419,180,59,0.45,0.1475,83,0.000519
2023-06-06_0667.png,weed,0.416,526,143,1.315,0.3575,201,0.001256
2023-06-06_0667.png,weed,0.404,491,65,1.2275,0.1625,294,0.001837
2023-06-06_0667.png,weed,0.348,219,65,0.5475,0.1625,253,0.001581
2023-06-06_0667.png,weed,0.342,252,549,0.63,1.3725,64,0.0004
2023-06-06_0667.png,weed,0.322,449,319,1.1225,0.7975,302,0.001888
2023-06-06_0667.png,weed,0.319,595,276,1.4875,0.69,48,0.0003
2023-06-06_0667.png,weed,0.308,426,65,1.065,0.1625,1457,0.009106
2023-06-06_0667.png,weed,0.304,272,459,0.68,1.1475,71,0.000444
2023-06-06_0667.png,weed,0.294,431,80,1.0775,0.2,489,0.003056
2023-06-06_0667.png,weed,0.291,53,529,0.1325,1.3225,80,0.0005
2023-06-06_0667.png,crop,0.276,386,446,0.965,1.115,1828,0.011425
2023-06-06_0667.png,weed,0.271,36,598,0.09,1.495,30,0.000188
2023-06-06_0667.png,weed,0.262,499,83,1.2475,0.2075,210,0.001313
2023-06-06_0667.png,weed,0.251,5,78,0.0125,0.195,94,0.000588
2023-06-06_0667.png,weed,0.25,486,428,1.215,1.07,92,0.000575
2023-06-06_0667.png,weed,0.226,88,593,0.22,1.4825,66,0.000413
2023-06-06_0667.png,weed,0.226,528,143,1.32,0.3575,218,0.001363
2023-06-06_0667.png,weed,0.221,529,435,1.3225,1.0875,112,0.0007
2023-06-06_0667.png,weed,0.213,489,63,1.2225,0.1575,237,0.001481
2023-06-06_0667.png,weed,0.205,481,76,1.2025,0.19,85,0.000531
2023-06-06_0667.png,weed,0.199,558,81,1.395,0.2025,358,0.002237
2023-06-06_0667.png,weed,0.197,310,66,0.775,0.165,386,0.002413
2023-06-06_0667.png,weed,0.196,395,3,0.9875,0.0075,60,0.000375
2023-06-06_0667.png,crop,0.19,8,67,0.02,0.1675,165,0.001031
2023-06-06_0667.png,weed,0.189,152,117,0.38,0.2925,88,0.00055
2023-06-06_0667.png,weed,0.185,36,596,0.09,1.49,40,0.00025
2023-06-06_0667.png,weed,0.185,486,60,1.215,0.15,162,0.001013
2023-06-06_0667.png,weed,0.18,401,6,1.0025,0.015,152,0.00095
2023-06-06_0667.png,weed,0.174,450,324,1.125,0.81,213,0.001331
2023-06-06_0667.png,weed,0.17,113,12,0.2825,0.03,262,0.001638
2023-06-06_0667.png,weed,0.164,123,20,0.3075,0.05,931,0.005819
2023-06-06_0667.png,weed,0.162,281,234,0.7025,0.585,89,0.000556
2023-06-06_0667.png,weed,0.153,7,108,0.0175,0.27,129,0.000806
2023-06-06_0670.png,weed,0.907,430,75,1.075,0.1875,2564,0.016025
2023-06-06_0670.png,weed,0.906,348,438,0.87,1.095,1104,0.0069
2023-06-06_0670.png,weed,0.896,296,93,0.74,0.2325,1198,0.007488
2023-06-06_0670.png,crop,0.892,541,468,1.3525,1.17,2202,0.013763
2023-06-06_0670.png,crop,0.889,59,445,0.1475,1.1125,2819,0.017619
2023-06-06_0670.png,crop,0.889,219,115,0.5475,0.2875,1212,0.007575
2023-06-06_0670.png,weed,0.888,469,135,1.1725,0.3375,898,0.005613
2023-06-06_0670.png,crop,0.885,415,462,1.0375,1.155,2208,0.0138
2023-06-06_0670.png,weed,0.877,217,37,0.5425,0.0925,684,0.004275
2023-06-06_0670.png,weed,0.868,218,373,0.545,0.9325,306,0.001913
2023-06-06_0670.png,weed,0.864,230,162,0.575,0.405,506,0.003163
2023-06-06_0670.png,weed,0.859,583,122,1.4575,0.305,617,0.003856
2023-06-06_0670.png,weed,0.858,116,175,0.29,0.4375,511,0.003194
2023-06-06_0670.png,weed,0.858,559,366,1.3975,0.915,550,0.003438
2023-06-06_0670.png,weed,0.856,303,586,0.7575,1.465,821,0.005131
2023-06-06_0670.png,crop,0.853,108,94,0.27,0.235,1283,0.008019
2023-06-06_0670.png,weed,0.852,73,481,0.1825,1.2025,477,0.002981
2023-06-06_0670.png,weed,0.849,545,325,1.3625,0.8125,927,0.005794
2023-06-06_0670.png,weed,0.848,307,441,0.7675,1.1025,312,0.00195
2023-06-06_0670.png,weed,0.844,501,405,1.2525,1.0125,346,0.002162
2023-06-06_0670.png,weed,0.843,474,302,1.185,0.755,321,0.002006
2023-06-06_0670.png,weed,0.843,338,243,0.845,0.6075,1212,0.007575
2023-06-06_0670.png,weed,0.841,319,76,0.7975,0.19,606,0.003788
2023-06-06_0670.png,weed,0.838,459,373,1.1475,0.9325,616,0.00385
2023-06-06_0670.png,weed,0.836,17,385,0.0425,0.9625,535,0.003344
2023-06-06_0670.png,crop,0.836,130,450,0.325,1.125,2751,0.017194
2023-06-06_0670.png,weed,0.835,294,299,0.735,0.7475,503,0.003144
2023-06-06_0670.png,weed,0.834,509,123,1.2725,0.3075,495,0.003094
2023-06-06_0670.png,weed,0.832,391,300,0.9775,0.75,1331,0.008319
2023-06-06_0670.png,weed,0.831,383,224,0.9575,0.56,1536,0.0096
2023-06-06_0670.png,weed,0.827,327,321,0.8175,0.8025,380,0.002375
2023-06-06_0670.png,weed,0.825,337,356,0.8425,0.89,201,0.001256
2023-06-06_0670.png,weed,0.824,556,584,1.39,1.46,515,0.003219
2023-06-06_0670.png,weed,0.822,323,223,0.8075,0.5575,1055,0.006594
2023-06-06_0670.png,weed,0.822,294,320,0.735,0.8,242,0.001512
2023-06-06_0670.png,weed,0.812,508,173,1.27,0.4325,304,0.0019
2023-06-06_0670.png,weed,0.804,239,183,0.5975,0.4575,279,0.001744
2023-06-06_0670.png,weed,0.802,592,304,1.48,0.76,216,0.00135
2023-06-06_0670.png,weed,0.801,235,83,0.5875,0.2075,256,0.0016
2023-06-06_0670.png,weed,0.801,275,120,0.6875,0.3,234,0.001463
2023-06-06_0670.png,weed,0.794,50,557,0.125,1.3925,273,0.001706
2023-06-06_0670.png,weed,0.779,424,303,1.06,0.7575,914,0.005713
2023-06-06_0670.png,weed,0.779,23,580,0.0575,1.45,390,0.002437
2023-06-06_0670.png,weed,0.766,151,585,0.3775,1.4625,809,0.005056
2023-06-06_0670.png,weed,0.765,97,28,0.2425,0.07,215,0.001344
2023-06-06_0670.png,weed,0.759,397,269,0.9925,0.6725,1134,0.007088
2023-06-06_0670.png,weed,0.752,162,170,0.405,0.425,770,0.004812
2023-06-06_0670.png,weed,0.75,45,589,0.1125,1.4725,561,0.003506
2023-06-06_0670.png,weed,0.748,139,561,0.3475,1.4025,933,0.005831
2023-06-06_0670.png,weed,0.746,149,103,0.3725,0.2575,488,0.00305
2023-06-06_0670.png,weed,0.745,92,493,0.23,1.2325,151,0.000944
2023-06-06_0670.png,crop,0.731,588,466,1.47,1.165,977,0.006106
2023-06-06_0670.png,weed,0.729,186,562,0.465,1.405,445,0.002781
2023-06-06_0670.png,weed,0.726,70,233,0.175,0.5825,473,0.002956
2023-06-06_0670.png,weed,0.723,166,556,0.415,1.39,221,0.001381
2023-06-06_0670.png,weed,0.721,85,445,0.2125,1.1125,532,0.003325
2023-06-06_0670.png,weed,0.718,17,403,0.0425,1.0075,328,0.00205
2023-06-06_0670.png,crop,0.715,405,146,1.0125,0.365,994,0.006213
2023-06-06_0670.png,weed,0.709,449,568,1.1225,1.42,134,0.000838
2023-06-06_0670.png,weed,0.679,148,71,0.37,0.1775,158,0.000988
2023-06-06_0670.png,weed,0.678,409,222,1.0225,0.555,320,0.002
2023-06-06_0670.png,weed,0.663,110,303,0.275,0.7575,453,0.002831
2023-06-06_0670.png,weed,0.661,2,582,0.005,1.455,86,0.000538
2023-06-06_0670.png,weed,0.661,129,303,0.3225,0.7575,412,0.002575
2023-06-06_0670.png,weed,0.656,211,562,0.5275,1.405,773,0.004831
2023-06-06_0670.png,weed,0.653,58,445,0.145,1.1125,340,0.002125
2023-06-06_0670.png,weed,0.637,205,594,0.5125,1.485,224,0.0014
2023-06-06_0670.png,weed,0.621,240,288,0.6,0.72,266,0.001663
2023-06-06_0670.png,weed,0.614,27,18,0.0675,0.045,513,0.003206
2023-06-06_0670.png,weed,0.609,238,110,0.595,0.275,213,0.001331
2023-06-06_0670.png,weed,0.598,355,593,0.8875,1.4825,114,0.000713
2023-06-06_0670.png,weed,0.597,32,109,0.08,0.2725,208,0.0013
2023-06-06_0670.png,crop,0.595,17,57,0.0425,0.1425,411,0.002569
2023-06-06_0670.png,weed,0.576,66,249,0.165,0.6225,336,0.0021
2023-06-06_0670.png,crop,0.537,41,98,0.1025,0.245,1063,0.006644
2023-06-06_0670.png,weed,0.506,135,321,0.3375,0.8025,256,0.0016
2023-06-06_0670.png,weed,0.5,10,265,0.025,0.6625,136,0.00085
2023-06-06_0670.png,weed,0.492,211,551,0.5275,1.3775,218,0.001363
2023-06-06_0670.png,weed,0.49,52,101,0.13,0.2525,417,0.002606
2023-06-06_0670.png,crop,0.479,593,70,1.4825,0.175,416,0.0026
2023-06-06_0670.png,weed,0.469,137,538,0.3425,1.345,101,0.000631
2023-06-06_0670.png,weed,0.459,230,273,0.575,0.6825,110,0.000688
2023-06-06_0670.png,weed,0.453,7,12,0.0175,0.03,254,0.001588
2023-06-06_0670.png,weed,0.447,477,29,1.1925,0.0725,83,0.000519
2023-06-06_0670.png,weed,0.388,102,572,0.255,1.43,85,0.000531
2023-06-06_0670.png,weed,0.379,521,574,1.3025,1.435,88,0.00055
2023-06-06_0670.png,weed,0.369,319,428,0.7975,1.07,68,0.000425
2023-06-06_0670.png,weed,0.357,123,328,0.3075,0.82,251,0.001569
2023-06-06_0670.png,weed,0.346,81,68,0.2025,0.17,283,0.001769
2023-06-06_0670.png,weed,0.324,72,107,0.18,0.2675,173,0.001081
2023-06-06_0670.png,weed,0.311,197,594,0.4925,1.485,170,0.001063
2023-06-06_0670.png,weed,0.309,94,300,0.235,0.75,84,0.000525
2023-06-06_0670.png,weed,0.297,9,115,0.0225,0.2875,360,0.00225
2023-06-06_0670.png,weed,0.297,518,434,1.295,1.085,106,0.000663
2023-06-06_0670.png,weed,0.287,4,118,0.01,0.295,141,0.000881
2023-06-06_0670.png,weed,0.242,81,64,0.2025,0.16,238,0.001487
2023-06-06_0670.png,weed,0.224,239,282,0.5975,0.705,356,0.002225
2023-06-06_0670.png,weed,0.219,214,552,0.535,1.38,264,0.00165
2023-06-06_0670.png,weed,0.211,5,116,0.0125,0.29,215,0.001344
2023-06-06_0670.png,weed,0.211,274,596,0.685,1.49,38,0.000237
2023-06-06_0670.png,crop,0.201,39,90,0.0975,0.225,1003,0.006269
2023-06-06_0670.png,crop,0.198,7,12,0.0175,0.03,256,0.0016
2023-06-06_0670.png,weed,0.189,129,322,0.3225,0.805,471,0.002944
2023-06-06_0670.png,weed,0.176,594,70,1.485,0.175,362,0.002263
2023-06-06_0670.png,weed,0.166,531,216,1.3275,0.54,73,0.000456
2023-06-06_0670.png,weed,0.165,126,326,0.315,0.815,392,0.00245
2023-06-06_0670.png,weed,0.157,597,472,1.4925,1.18,36,0.000225
2023-06-06_0670.png,weed,0.153,77,64,0.1925,0.16,129,0.000806
2023-06-06_0736.png,crop,0.938,395,53,0.9875,0.1325,2170,0.013562
2023-06-06_0736.png,weed,0.908,197,283,0.4925,0.7075,951,0.005944
2023-06-06_0736.png,weed,0.892,122,174,0.305,0.435,1041,0.006506
2023-06-06_0736.png,crop,0.89,143,423,0.3575,1.0575,1285,0.008031
2023-06-06_0736.png,weed,0.889,529,196,1.3225,0.49,853,0.005331
2023-06-06_0736.png,weed,0.881,248,283,0.62,0.7075,926,0.005788
2023-06-06_0736.png,weed,0.879,402,396,1.005,0.99,849,0.005306
2023-06-06_0736.png,weed,0.872,23,96,0.0575,0.24,611,0.003819
2023-06-06_0736.png,weed,0.868,583,92,1.4575,0.23,876,0.005475
2023-06-06_0736.png,weed,0.865,568,159,1.42,0.3975,1608,0.01005
2023-06-06_0736.png,crop,0.862,315,64,0.7875,0.16,1794,0.011213
2023-06-06_0736.png,weed,0.86,579,485,1.4475,1.2125,326,0.002038
2023-06-06_0736.png,crop,0.857,121,63,0.3025,0.1575,1902,0.011888
2023-06-06_0736.png,weed,0.855,330,588,0.825,1.47,503,0.003144
2023-06-06_0736.png,weed,0.845,402,340,1.005,0.85,635,0.003969
2023-06-06_0736.png,weed,0.844,421,495,1.0525,1.2375,770,0.004812
2023-06-06_0736.png,weed,0.841,70,573,0.175,1.4325,814,0.005088
2023-06-06_0736.png,weed,0.837,314,124,0.785,0.31,302,0.001888
2023-06-06_0736.png,weed,0.836,92,56,0.23,0.14,458,0.002863
2023-06-06_0736.png,weed,0.834,33,528,0.0825,1.32,1348,0.008425
2023-06-06_0736.png,weed,0.831,143,527,0.3575,1.3175,577,0.003606
2023-06-06_0736.png,weed,0.823,488,243,1.22,0.6075,331,0.002069
2023-06-06_0736.png,weed,0.818,563,537,1.4075,1.3425,353,0.002206
2023-06-06_0736.png,weed,0.818,119,424,0.2975,1.06,369,0.002306
2023-06-06_0736.png,weed,0.816,180,119,0.45,0.2975,307,0.001919
2023-06-06_0736.png,weed,0.815,285,25,0.7125,0.0625,1090,0.006812
2023-06-06_0736.png,weed,0.814,283,577,0.7075,1.4425,676,0.004225
2023-06-06_0736.png,crop,0.813,45,393,0.1125,0.9825,1170,0.007313
2023-06-06_0736.png,weed,0.81,438,559,1.095,1.3975,226,0.001413
2023-06-06_0736.png,weed,0.804,564,70,1.41,0.175,536,0.00335
2023-06-06_0736.png,weed,0.802,158,187,0.395,0.4675,573,0.003581
2023-06-06_0736.png,weed,0.794,412,563,1.03,1.4075,461,0.002881
2023-06-06_0736.png,crop,0.792,421,438,1.0525,1.095,2080,0.013
2023-06-06_0736.png,crop,0.785,209,69,0.5225,0.1725,1080,0.00675
2023-06-06_0736.png,weed,0.781,281,537,0.7025,1.3425,859,0.005369
2023-06-06_0736.png,weed,0.779,268,555,0.67,1.3875,673,0.004206
2023-06-06_0736.png,weed,0.777,23,420,0.0575,1.05,428,0.002675
2023-06-06_0736.png,weed,0.775,306,562,0.765,1.405,402,0.002513
2023-06-06_0736.png,weed,0.772,9,564,0.0225,1.41,231,0.001444
2023-06-06_0736.png,weed,0.769,196,593,0.49,1.4825,199,0.001244
2023-06-06_0736.png,weed,0.766,230,53,0.575,0.1325,634,0.003962
2023-06-06_0736.png,weed,0.765,328,166,0.82,0.415,211,0.001319
2023-06-06_0736.png,weed,0.758,383,582,0.9575,1.455,796,0.004975
2023-06-06_0736.png,weed,0.755,27,365,0.0675,0.9125,173,0.001081
2023-06-06_0736.png,weed,0.73,119,579,0.2975,1.4475,504,0.00315
2023-06-06_0736.png,weed,0.722,587,524,1.4675,1.31,589,0.003681
2023-06-06_0736.png,weed,0.718,117,537,0.2925,1.3425,726,0.004537
2023-06-06_0736.png,weed,0.713,218,528,0.545,1.32,1646,0.010288
2023-06-06_0736.png,weed,0.713,5,525,0.0125,1.3125,123,0.000769
2023-06-06_0736.png,weed,0.711,39,565,0.0975,1.4125,465,0.002906
2023-06-06_0736.png,weed,0.706,366,417,0.915,1.0425,232,0.00145
2023-06-06_0736.png,weed,0.703,77,400,0.1925,1.0,416,0.0026
2023-06-06_0736.png,weed,0.703,562,594,1.405,1.485,167,0.001044
2023-06-06_0736.png,weed,0.699,63,384,0.1575,0.96,326,0.002038
2023-06-06_0736.png,weed,0.671,126,558,0.315,1.395,719,0.004494
2023-06-06_0736.png,crop,0.668,316,448,0.79,1.12,2678,0.016738
2023-06-06_0736.png,weed,0.66,66,52,0.165,0.13,130,0.000813
2023-06-06_0736.png,weed,0.643,409,583,1.0225,1.4575,484,0.003025
2023-06-06_0736.png,weed,0.629,246,524,0.615,1.31,440,0.00275
2023-06-06_0736.png,weed,0.608,68,524,0.17,1.31,387,0.002419
2023-06-06_0736.png,weed,0.596,106,518,0.265,1.295,354,0.002213
2023-06-06_0736.png,weed,0.584,369,449,0.9225,1.1225,379,0.002369
2023-06-06_0736.png,weed,0.577,95,548,0.2375,1.37,340,0.002125
2023-06-06_0736.png,weed,0.568,53,595,0.1325,1.4875,87,0.000544
2023-06-06_0736.png,crop,0.561,27,26,0.0675,0.065,438,0.002737
2023-06-06_0736.png,weed,0.486,52,265,0.13,0.6625,141,0.000881
2023-06-06_0736.png,weed,0.48,239,551,0.5975,1.3775,1092,0.006825
2023-06-06_0736.png,weed,0.461,380,429,0.95,1.0725,579,0.003619
2023-06-06_0736.png,crop,0.458,293,444,0.7325,1.11,3664,0.0229
2023-06-06_0736.png,weed,0.414,307,524,0.7675,1.31,1143,0.007144
2023-06-06_0736.png,weed,0.383,413,91,1.0325,0.2275,251,0.001569
2023-06-06_0736.png,weed,0.38,86,524,0.215,1.31,531,0.003319
2023-06-06_0736.png,weed,0.379,104,225,0.26,0.5625,74,0.000463
2023-06-06_0736.png,weed,0.375,307,518,0.7675,1.295,813,0.005081
2023-06-06_0736.png,weed,0.346,580,176,1.45,0.44,374,0.002338
2023-06-06_0736.png,weed,0.345,417,91,1.0425,0.2275,289,0.001806
2023-06-06_0736.png,weed,0.303,202,49,0.505,0.1225,196,0.001225
2023-06-06_0736.png,weed,0.251,309,541,0.7725,1.3525,478,0.002988
2023-06-06_0736.png,crop,0.232,383,449,0.9575,1.1225,564,0.003525
2023-06-06_0736.png,weed,0.226,363,597,0.9075,1.4925,35,0.000219
2023-06-06_0736.png,weed,0.225,596,551,1.49,1.3775,62,0.000387
2023-06-06_0736.png,weed,0.224,297,518,0.7425,1.295,393,0.002456
2023-06-06_0736.png,weed,0.218,314,541,0.785,1.3525,241,0.001506
2023-06-06_0736.png,crop,0.214,258,441,0.645,1.1025,3258,0.020362
2023-06-06_0736.png,crop,0.2,246,403,0.615,1.0075,1530,0.009562
2023-06-06_0736.png,crop,0.172,19,38,0.0475,0.095,385,0.002406
2023-06-06_0736.png,weed,0.157,317,518,0.7925,1.295,377,0.002356
2023-06-06_0736.png,weed,0.152,223,77,0.5575,0.1925,128,0.0008
2023-06-06_0770.png,weed,0.916,76,438,0.19,1.095,1466,0.009163
2023-06-06_0770.png,weed,0.9,67,328,0.1675,0.82,1029,0.006431
2023-06-06_0770.png,crop,0.897,149,299,0.3725,0.7475,3063,0.019144
2023-06-06_0770.png,weed,0.893,581,421,1.4525,1.0525,1091,0.006819
2023-06-06_0770.png,weed,0.891,205,492,0.5125,1.23,843,0.005269
2023-06-06_0770.png,weed,0.891,260,279,0.65,0.6975,570,0.003563
2023-06-06_0770.png,crop,0.887,41,296,0.1025,0.74,1401,0.008756
2023-06-06_0770.png,weed,0.884,380,499,0.95,1.2475,1173,0.007331
2023-06-06_0770.png,weed,0.883,414,543,1.035,1.3575,1014,0.006338
2023-06-06_0770.png,weed,0.883,171,539,0.4275,1.3475,1023,0.006394
2023-06-06_0770.png,weed,0.882,245,162,0.6125,0.405,921,0.005756
2023-06-06_0770.png,crop,0.879,525,325,1.3125,0.8125,1093,0.006831
2023-06-06_0770.png,weed,0.874,317,143,0.7925,0.3575,1044,0.006525
2023-06-06_0770.png,weed,0.858,465,138,1.1625,0.345,493,0.003081
2023-06-06_0770.png,weed,0.855,413,440,1.0325,1.1,299,0.001869
2023-06-06_0770.png,weed,0.854,84,54,0.21,0.135,1384,0.00865
2023-06-06_0770.png,weed,0.854,186,60,0.465,0.15,562,0.003512
2023-06-06_0770.png,weed,0.852,53,235,0.1325,0.5875,471,0.002944
2023-06-06_0770.png,weed,0.849,258,588,0.645,1.47,578,0.003613
2023-06-06_0770.png,crop,0.847,466,342,1.165,0.855,1599,0.009994
2023-06-06_0770.png,weed,0.847,52,542,0.13,1.355,1026,0.006412
2023-06-06_0770.png,weed,0.844,115,144,0.2875,0.36,571,0.003569
2023-06-06_0770.png,weed,0.843,117,286,0.2925,0.715,346,0.002162
2023-06-06_0770.png,weed,0.843,574,329,1.435,0.8225,347,0.002169
2023-06-06_0770.png,weed,0.839,417,55,1.0425,0.1375,651,0.004069
2023-06-06_0770.png,weed,0.834,314,103,0.785,0.2575,781,0.004881
2023-06-06_0770.png,weed,0.831,466,308,1.165,0.77,624,0.0039
2023-06-06_0770.png,weed,0.828,357,193,0.8925,0.4825,1017,0.006356
2023-06-06_0770.png,weed,0.824,436,89,1.09,0.2225,473,0.002956
2023-06-06_0770.png,crop,0.823,377,326,0.9425,0.815,2480,0.0155
2023-06-06_0770.png,weed,0.822,344,69,0.86,0.1725,228,0.001425
2023-06-06_0770.png,weed,0.815,57,293,0.1425,0.7325,613,0.003831
2023-06-06_0770.png,weed,0.813,488,158,1.22,0.395,691,0.004319
2023-06-06_0770.png,weed,0.813,17,53,0.0425,0.1325,412,0.002575
2023-06-06_0770.png,weed,0.811,289,126,0.7225,0.315,426,0.002662
2023-06-06_0770.png,weed,0.808,235,437,0.5875,1.0925,1069,0.006681
2023-06-06_0770.png,weed,0.808,52,200,0.13,0.5,241,0.001506
2023-06-06_0770.png,weed,0.807,365,243,0.9125,0.6075,293,0.001831
2023-06-06_0770.png,weed,0.804,7,139,0.0175,0.3475,335,0.002094
2023-06-06_0770.png,weed,0.801,255,335,0.6375,0.8375,169,0.001056
2023-06-06_0770.png,weed,0.796,541,114,1.3525,0.285,500,0.003125
2023-06-06_0770.png,weed,0.792,8,248,0.02,0.62,250,0.001563
2023-06-06_0770.png,weed,0.785,339,427,0.8475,1.0675,249,0.001556
2023-06-06_0770.png,weed,0.78,143,114,0.3575,0.285,869,0.005431
2023-06-06_0770.png,weed,0.778,223,329,0.5575,0.8225,176,0.0011
2023-06-06_0770.png,weed,0.776,407,280,1.0175,0.7,277,0.001731
2023-06-06_0770.png,weed,0.774,261,389,0.6525,0.9725,424,0.00265
2023-06-06_0770.png,weed,0.768,72,518,0.18,1.295,406,0.002538
2023-06-06_0770.png,weed,0.74,525,132,1.3125,0.33,403,0.002519
2023-06-06_0770.png,weed,0.731,341,157,0.8525,0.3925,412,0.002575
2023-06-06_0770.png,weed,0.729,213,236,0.5325,0.59,207,0.001294
2023-06-06_0770.png,weed,0.724,439,304,1.0975,0.76,337,0.002106
2023-06-06_0770.png,weed,0.72,210,418,0.525,1.045,1258,0.007862
2023-06-06_0770.png,weed,0.715,356,409,0.89,1.0225,121,0.000756
2023-06-06_0770.png,weed,0.694,517,187,1.2925,0.4675,193,0.001206
2023-06-06_0770.png,weed,0.653,56,578,0.14,1.445,605,0.003781
2023-06-06_0770.png,weed,0.649,276,406,0.69,1.015,317,0.001981
2023-06-06_0770.png,weed,0.647,166,118,0.415,0.295,179,0.001119
2023-06-06_0770.png,weed,0.643,596,580,1.49,1.45,101,0.000631
2023-06-06_0770.png,weed,0.632,303,594,0.7575,1.485,130,0.000813
2023-06-06_0770.png,weed,0.627,509,3,1.2725,0.0075,107,0.000669
2023-06-06_0770.png,weed,0.626,5,523,0.0125,1.3075,95,0.000594
2023-06-06_0770.png,crop,0.62,278,354,0.695,0.885,1623,0.010144
2023-06-06_0770.png,weed,0.611,104,549,0.26,1.3725,524,0.003275
2023-06-06_0770.png,crop,0.602,305,18,0.7625,0.045,196,0.001225
2023-06-06_0770.png,weed,0.602,115,105,0.2875,0.2625,800,0.005
2023-06-06_0770.png,weed,0.58,415,114,1.0375,0.285,161,0.001006
2023-06-06_0770.png,weed,0.564,426,352,1.065,0.88,764,0.004775
2023-06-06_0770.png,weed,0.564,140,144,0.35,0.36,508,0.003175
2023-06-06_0770.png,weed,0.529,102,224,0.255,0.56,99,0.000619
2023-06-06_0770.png,weed,0.504,271,210,0.6775,0.525,126,0.000788
2023-06-06_0770.png,weed,0.487,478,406,1.195,1.015,532,0.003325
2023-06-06_0770.png,crop,0.423,332,277,0.83,0.6925,203,0.001269
2023-06-06_0770.png,crop,0.391,99,566,0.2475,1.415,653,0.004081
2023-06-06_0770.png,weed,0.388,181,76,0.4525,0.19,138,0.000863
2023-06-06_0770.png,crop,0.362,12,224,0.03,0.56,287,0.001794
2023-06-06_0770.png,weed,0.319,113,89,0.2825,0.2225,299,0.001869
2023-06-06_0770.png,weed,0.317,488,398,1.22,0.995,218,0.001363
2023-06-06_0770.png,weed,0.312,194,425,0.485,1.0625,342,0.002138
2023-06-06_0770.png,weed,0.302,465,392,1.1625,0.98,135,0.000844
2023-06-06_0770.png,weed,0.278,114,85,0.285,0.2125,281,0.001756
2023-06-06_0770.png,weed,0.273,9,7,0.0225,0.0175,43,0.000269
2023-06-06_0770.png,weed,0.257,48,578,0.12,1.445,345,0.002156
2023-06-06_0770.png,weed,0.234,41,279,0.1025,0.6975,95,0.000594
2023-06-06_0770.png,crop,0.226,9,7,0.0225,0.0175,41,0.000256
2023-06-06_0770.png,crop,0.21,484,12,1.21,0.03,73,0.000456
2023-06-06_0770.png,crop,0.208,100,573,0.25,1.4325,420,0.002625
2023-06-06_0770.png,weed,0.19,346,157,0.865,0.3925,263,0.001644
2023-06-06_0770.png,weed,0.187,454,598,1.135,1.495,45,0.000281
2023-06-06_0770.png,crop,0.186,12,245,0.03,0.6125,232,0.00145
2023-06-06_0770.png,weed,0.176,170,293,0.425,0.7325,82,0.000513
2023-06-06_0770.png,weed,0.175,445,343,1.1125,0.8575,93,0.000581
2023-06-06_0770.png,weed,0.169,507,4,1.2675,0.01,104,0.00065
2023-06-06_0770.png,weed,0.165,421,340,1.0525,0.85,223,0.001394
2023-06-06_0770.png,weed,0.161,485,404,1.2125,1.01,262,0.001638
2023-06-15_0169.png,weed,0.914,434,109,1.085,0.2725,1485,0.009281
2023-06-15_0169.png,weed,0.892,403,37,1.0075,0.0925,1182,0.007387
2023-06-15_0169.png,weed,0.881,113,476,0.2825,1.19,1582,0.009888
2023-06-15_0169.png,weed,0.881,498,23,1.245,0.0575,680,0.00425
2023-06-15_0169.png,weed,0.875,211,99,0.5275,0.2475,2480,0.0155
2023-06-15_0169.png,weed,0.872,244,184,0.61,0.46,2984,0.01865
2023-06-15_0169.png,weed,0.871,357,114,0.8925,0.285,1270,0.007938
2023-06-15_0169.png,weed,0.866,197,532,0.4925,1.33,1984,0.0124
2023-06-15_0169.png,weed,0.849,267,310,0.6675,0.775,743,0.004644
2023-06-15_0169.png,weed,0.84,157,525,0.3925,1.3125,1178,0.007363
2023-06-15_0169.png,weed,0.82,68,414,0.17,1.035,695,0.004344
2023-06-15_0169.png,weed,0.818,498,262,1.245,0.655,997,0.006231
2023-06-15_0169.png,weed,0.816,517,199,1.2925,0.4975,5238,0.032738
2023-06-15_0169.png,weed,0.815,188,33,0.47,0.0825,865,0.005406
2023-06-15_0169.png,weed,0.815,513,80,1.2825,0.2,673,0.004206
2023-06-15_0169.png,weed,0.791,335,22,0.8375,0.055,240,0.0015
2023-06-15_0169.png,weed,0.78,89,248,0.2225,0.62,732,0.004575
2023-06-15_0169.png,weed,0.776,284,502,0.71,1.255,1837,0.011481
2023-06-15_0169.png,weed,0.771,399,226,0.9975,0.565,2264,0.01415
2023-06-15_0169.png,weed,0.76,270,21,0.675,0.0525,496,0.0031
2023-06-15_0169.png,weed,0.76,130,200,0.325,0.5,293,0.001831
2023-06-15_0169.png,weed,0.754,570,133,1.425,0.3325,2142,0.013388
2023-06-15_0169.png,weed,0.739,590,20,1.475,0.05,314,0.001963
2023-06-15_0169.png,weed,0.724,80,329,0.2,0.8225,1486,0.009288
2023-06-15_0169.png,weed,0.716,512,361,1.28,0.9025,1987,0.012419
2023-06-15_0169.png,weed,0.711,144,485,0.36,1.2125,373,0.002331
2023-06-15_0169.png,weed,0.708,234,37,0.585,0.0925,304,0.0019
2023-06-15_0169.png,weed,0.689,238,13,0.595,0.0325,659,0.004119
2023-06-15_0169.png,weed,0.682,183,124,0.4575,0.31,951,0.005944
2023-06-15_0169.png,weed,0.656,144,158,0.36,0.395,122,0.000763
2023-06-15_0169.png,weed,0.646,175,83,0.4375,0.2075,166,0.001038
2023-06-15_0169.png,weed,0.644,195,351,0.4875,0.8775,708,0.004425
2023-06-15_0169.png,crop,0.637,192,401,0.48,1.0025,4924,0.030775
2023-06-15_0169.png,weed,0.636,337,330,0.8425,0.825,620,0.003875
2023-06-15_0169.png,crop,0.631,350,365,0.875,0.9125,5538,0.034613
2023-06-15_0169.png,crop,0.605,98,68,0.245,0.17,795,0.004969
2023-06-15_0169.png,crop,0.599,452,355,1.13,0.8875,6981,0.043631
2023-06-15_0169.png,weed,0.58,61,567,0.1525,1.4175,686,0.004288
2023-06-15_0169.png,weed,0.558,236,482,0.59,1.205,172,0.001075
2023-06-15_0169.png,weed,0.555,592,57,1.48,0.1425,279,0.001744
2023-06-15_0169.png,weed,0.554,323,411,0.8075,1.0275,2219,0.013869
2023-06-15_0169.png,weed,0.552,580,366,1.45,0.915,761,0.004756
2023-06-15_0169.png,weed,0.543,336,556,0.84,1.39,2967,0.018544
2023-06-15_0169.png,weed,0.533,199,34,0.4975,0.085,145,0.000906
2023-06-15_0169.png,weed,0.506,394,369,0.985,0.9225,1342,0.008388
2023-06-15_0169.png,weed,0.498,355,483,0.8875,1.2075,2340,0.014625
2023-06-15_0169.png,weed,0.488,538,24,1.345,0.06,266,0.001663
2023-06-15_0169.png,weed,0.485,562,299,1.405,0.7475,1753,0.010956
2023-06-15_0169.png,weed,0.462,372,71,0.93,0.1775,425,0.002656
2023-06-15_0169.png,weed,0.454,86,583,0.215,1.4575,303,0.001894
2023-06-15_0169.png,weed,0.444,365,425,0.9125,1.0625,733,0.004581
2023-06-15_0169.png,weed,0.443,572,580,1.43,1.45,704,0.0044
2023-06-15_0169.png,weed,0.393,535,255,1.3375,0.6375,842,0.005262
2023-06-15_0169.png,weed,0.384,141,100,0.3525,0.25,189,0.001181
2023-06-15_0169.png,weed,0.382,63,552,0.1575,1.38,279,0.001744
2023-06-15_0169.png,weed,0.378,579,444,1.4475,1.11,961,0.006006
2023-06-15_0169.png,weed,0.359,91,461,0.2275,1.1525,166,0.001038
2023-06-15_0169.png,weed,0.341,132,383,0.33,0.9575,161,0.001006
2023-06-15_0169.png,weed,0.329,423,313,1.0575,0.7825,1222,0.007638
2023-06-15_0169.png,weed,0.309,368,270,0.92,0.675,1071,0.006694
2023-06-15_0169.png,weed,0.302,297,112,0.7425,0.28,103,0.000644
2023-06-15_0169.png,weed,0.302,130,115,0.325,0.2875,99,0.000619
2023-06-15_0169.png,weed,0.297,402,286,1.005,0.715,3655,0.022844
2023-06-15_0169.png,weed,0.288,397,445,0.9925,1.1125,726,0.004537
2023-06-15_0169.png,weed,0.284,568,307,1.42,0.7675,1807,0.011294
2023-06-15_0169.png,weed,0.283,578,251,1.445,0.6275,293,0.001831
2023-06-15_0169.png,weed,0.277,587,392,1.4675,0.98,429,0.002681
2023-06-15_0169.png,weed,0.262,402,273,1.005,0.6825,2969,0.018556
2023-06-15_0169.png,weed,0.259,123,353,0.3075,0.8825,120,0.00075
2023-06-15_0169.png,weed,0.258,112,176,0.28,0.44,117,0.000731
2023-06-15_0169.png,weed,0.256,573,570,1.4325,1.425,886,0.005537
2023-06-15_0169.png,weed,0.253,426,467,1.065,1.1675,5252,0.032825
2023-06-15_0169.png,weed,0.252,401,247,1.0025,0.6175,363,0.002269
2023-06-15_0169.png,weed,0.249,576,504,1.44,1.26,1154,0.007213
2023-06-15_0169.png,weed,0.232,549,312,1.3725,0.78,282,0.001762
2023-06-15_0169.png,weed,0.232,111,385,0.2775,0.9625,138,0.000863
2023-06-15_0169.png,weed,0.23,426,556,1.065,1.39,1761,0.011006
2023-06-15_0169.png,weed,0.226,576,303,1.44,0.7575,1651,0.010319
2023-06-15_0169.png,weed,0.224,581,193,1.4525,0.4825,684,0.004275
2023-06-15_0169.png,weed,0.211,579,209,1.4475,0.5225,294,0.001837
2023-06-15_0169.png,weed,0.208,543,566,1.3575,1.415,1293,0.008081
2023-06-15_0169.png,weed,0.206,488,530,1.22,1.325,4557,0.028481
2023-06-15_0169.png,weed,0.206,116,547,0.29,1.3675,83,0.000519
2023-06-15_0169.png,weed,0.205,587,535,1.4675,1.3375,257,0.001606
2023-06-15_0169.png,weed,0.194,578,199,1.445,0.4975,785,0.004906
2023-06-15_0169.png,weed,0.191,525,24,1.3125,0.06,809,0.005056
2023-06-15_0169.png,weed,0.189,382,559,0.955,1.3975,3899,0.024369
2023-06-15_0169.png,weed,0.189,222,54,0.555,0.135,118,0.000737
2023-06-15_0169.png,weed,0.183,457,473,1.1425,1.1825,7430,0.046437
2023-06-15_0169.png,weed,0.18,421,272,1.0525,0.68,2307,0.014419
2023-06-15_0169.png,weed,0.18,422,297,1.055,0.7425,3178,0.019863
2023-06-15_0169.png,weed,0.178,482,481,1.205,1.2025,8425,0.052656
2023-06-15_0169.png,weed,0.178,571,592,1.4275,1.48,231,0.001444
2023-06-15_0169.png,weed,0.178,489,222,1.2225,0.555,476,0.002975
2023-06-15_0169.png,weed,0.175,592,52,1.48,0.13,242,0.001512
2023-06-15_0169.png,weed,0.173,585,583,1.4625,1.4575,565,0.003531
2023-06-15_0169.png,weed,0.172,566,4,1.415,0.01,32,0.0002
2023-06-15_0169.png,weed,0.171,581,255,1.4525,0.6375,272,0.0017
2023-06-15_0169.png,weed,0.171,339,483,0.8475,1.2075,1310,0.008188
2023-06-15_0169.png,weed,0.17,116,6,0.29,0.015,53,0.000331
2023-06-15_0169.png,weed,0.17,579,338,1.4475,0.845,1577,0.009856
2023-06-15_0169.png,weed,0.169,365,235,0.9125,0.5875,336,0.0021
2023-06-15_0169.png,weed,0.168,409,558,1.0225,1.395,3236,0.020225
2023-06-15_0169.png,weed,0.167,463,409,1.1575,1.0225,431,0.002694
2023-06-15_0169.png,crop,0.167,484,428,1.21,1.07,113,0.000706
2023-06-15_0169.png,weed,0.167,558,5,1.395,0.0125,28,0.000175
2023-06-15_0169.png,weed,0.165,550,448,1.375,1.12,265,0.001656
2023-06-15_0169.png,weed,0.162,530,166,1.325,0.415,381,0.002381
2023-06-15_0169.png,weed,0.162,197,506,0.4925,1.265,212,0.001325
2023-06-15_0169.png,weed,0.161,88,53,0.22,0.1325,211,0.001319
2023-06-15_0169.png,weed,0.159,299,394,0.7475,0.985,509,0.003181
2023-06-15_0169.png,weed,0.157,448,262,1.12,0.655,513,0.003206
2023-06-15_0169.png,weed,0.155,345,418,0.8625,1.045,1918,0.011987
2023-06-15_0169.png,weed,0.153,80,288,0.2,0.72,102,0.000638
2023-06-15_0169.png,weed,0.152,380,414,0.95,1.035,275,0.001719
2023-06-15_0735.png,weed,0.901,371,454,0.9275,1.135,1426,0.008913
2023-06-15_0735.png,weed,0.894,461,36,1.1525,0.09,3792,0.0237
2023-06-15_0735.png,weed,0.871,385,46,0.9625,0.115,5944,0.03715
2023-06-15_0735.png,weed,0.864,290,558,0.725,1.395,1890,0.011813
2023-06-15_0735.png,weed,0.851,553,112,1.3825,0.28,3104,0.0194
2023-06-15_0735.png,weed,0.848,32,163,0.08,0.4075,1542,0.009638
2023-06-15_0735.png,weed,0.848,397,138,0.9925,0.345,4305,0.026906
2023-06-15_0735.png,weed,0.843,475,139,1.1875,0.3475,5135,0.032094
2023-06-15_0735.png,weed,0.838,339,199,0.8475,0.4975,3028,0.018925
2023-06-15_0735.png,weed,0.823,178,561,0.445,1.4025,3671,0.022944
2023-06-15_0735.png,weed,0.816,124,507,0.31,1.2675,1916,0.011975
2023-06-15_0735.png,weed,0.799,511,60,1.2775,0.15,3397,0.021231
2023-06-15_0735.png,weed,0.798,503,179,1.2575,0.4475,3935,0.024594
2023-06-15_0735.png,weed,0.793,100,51,0.25,0.1275,1691,0.010569
2023-06-15_0735.png,weed,0.788,288,329,0.72,0.8225,4788,0.029925
2023-06-15_0735.png,weed,0.783,60,52,0.15,0.13,2642,0.016513
2023-06-15_0735.png,weed,0.777,239,113,0.5975,0.2825,2206,0.013787
2023-06-15_0735.png,weed,0.769,228,400,0.57,1.0,647,0.004044
2023-06-15_0735.png,weed,0.768,576,182,1.44,0.455,2250,0.014063
2023-06-15_0735.png,weed,0.765,444,94,1.11,0.235,3200,0.02
2023-06-15_0735.png,weed,0.764,84,152,0.21,0.38,1784,0.01115
2023-06-15_0735.png,weed,0.762,586,446,1.465,1.115,460,0.002875
2023-06-15_0735.png,weed,0.759,84,591,0.21,1.4775,362,0.002263
2023-06-15_0735.png,weed,0.756,437,505,1.0925,1.2625,5352,0.03345
2023-06-15_0735.png,weed,0.752,223,194,0.5575,0.485,979,0.006119
2023-06-15_0735.png,weed,0.726,139,143,0.3475,0.3575,2760,0.01725
2023-06-15_0735.png,weed,0.725,213,318,0.5325,0.795,2411,0.015069
2023-06-15_0735.png,weed,0.725,131,198,0.3275,0.495,1308,0.008175
2023-06-15_0735.png,weed,0.724,270,63,0.675,0.1575,3191,0.019944
2023-06-15_0735.png,weed,0.723,182,451,0.455,1.1275,580,0.003625
2023-06-15_0735.png,weed,0.722,187,100,0.4675,0.25,3001,0.018756
2023-06-15_0735.png,weed,0.72,514,216,1.285,0.54,4681,0.029256
2023-06-15_0735.png,weed,0.71,236,571,0.59,1.4275,569,0.003556
2023-06-15_0735.png,weed,0.707,254,19,0.635,0.0475,1385,0.008656
2023-06-15_0735.png,weed,0.706,429,430,1.0725,1.075,2597,0.016231
2023-06-15_0735.png,weed,0.704,178,182,0.445,0.455,2508,0.015675
2023-06-15_0735.png,weed,0.699,134,88,0.335,0.22,984,0.00615
2023-06-15_0735.png,weed,0.699,497,297,1.2425,0.7425,4336,0.0271
2023-06-15_0735.png,weed,0.684,519,487,1.2975,1.2175,5790,0.036187
2023-06-15_0735.png,weed,0.675,91,438,0.2275,1.095,2152,0.01345
2023-06-15_0735.png,weed,0.652,367,379,0.9175,0.9475,5022,0.031387
2023-06-15_0735.png,crop,0.647,212,233,0.53,0.5825,5090,0.031813
2023-06-15_0735.png,weed,0.643,326,90,0.815,0.225,2743,0.017144
2023-06-15_0735.png,weed,0.642,317,43,0.7925,0.1075,1893,0.011831
2023-06-15_0735.png,weed,0.636,193,28,0.4825,0.07,2092,0.013075
2023-06-15_0735.png,weed,0.632,46,407,0.115,1.0175,1375,0.008594
2023-06-15_0735.png,weed,0.63,319,486,0.7975,1.215,1399,0.008744
2023-06-15_0735.png,weed,0.624,587,532,1.4675,1.33,449,0.002806
2023-06-15_0735.png,weed,0.617,90,369,0.225,0.9225,394,0.002462
2023-06-15_0735.png,weed,0.616,318,253,0.795,0.6325,204,0.001275
2023-06-15_0735.png,weed,0.609,554,375,1.385,0.9375,1926,0.012038
2023-06-15_0735.png,weed,0.604,141,19,0.3525,0.0475,1204,0.007525
2023-06-15_0735.png,weed,0.6,543,449,1.3575,1.1225,1141,0.007131
2023-06-15_0735.png,weed,0.592,337,271,0.8425,0.6775,2902,0.018138
2023-06-15_0735.png,weed,0.583,42,446,0.105,1.115,3074,0.019213
2023-06-15_0735.png,weed,0.579,339,463,0.8475,1.1575,498,0.003113
2023-06-15_0735.png,weed,0.578,573,44,1.4325,0.11,2707,0.016919
2023-06-15_0735.png,weed,0.574,113,8,0.2825,0.02,355,0.002219
2023-06-15_0735.png,weed,0.568,77,98,0.1925,0.245,4388,0.027425
2023-06-15_0735.png,weed,0.556,112,123,0.28,0.3075,1173,0.007331
2023-06-15_0735.png,weed,0.543,550,18,1.375,0.045,1211,0.007569
2023-06-15_0735.png,weed,0.539,453,353,1.1325,0.8825,1714,0.010712
2023-06-15_0735.png,weed,0.528,428,246,1.07,0.615,729,0.004556
2023-06-15_0735.png,weed,0.524,299,190,0.7475,0.475,842,0.005262
2023-06-15_0735.png,weed,0.502,333,546,0.8325,1.365,411,0.002569
2023-06-15_0735.png,weed,0.492,349,318,0.8725,0.795,1076,0.006725
2023-06-15_0735.png,weed,0.49,587,577,1.4675,1.4425,607,0.003794
2023-06-15_0735.png,weed,0.486,417,472,1.0425,1.18,1301,0.008131
2023-06-15_0735.png,weed,0.45,316,12,0.79,0.03,1197,0.007481
2023-06-15_0735.png,crop,0.449,512,338,1.28,0.845,3260,0.020375
2023-06-15_0735.png,weed,0.436,327,131,0.8175,0.3275,4391,0.027444
2023-06-15_0735.png,weed,0.428,346,571,0.865,1.4275,1696,0.0106
2023-06-15_0735.png,weed,0.411,98,432,0.245,1.08,1398,0.008738
2023-06-15_0735.png,crop,0.384,542,270,1.355,0.675,6042,0.037763
2023-06-15_0735.png,weed,0.382,77,529,0.1925,1.3225,2537,0.015856
2023-06-15_0735.png,crop,0.378,535,543,1.3375,1.3575,2286,0.014287
2023-06-15_0735.png,crop,0.358,405,584,1.0125,1.46,2419,0.015119
2023-06-15_0735.png,weed,0.353,341,575,0.8525,1.4375,2395,0.014969
2023-06-15_0735.png,weed,0.342,211,586,0.5275,1.465,893,0.005581
2023-06-15_0735.png,weed,0.34,43,374,0.1075,0.935,356,0.002225
2023-06-15_0735.png,weed,0.327,227,29,0.5675,0.0725,829,0.005181
2023-06-15_0735.png,weed,0.325,229,578,0.5725,1.445,1771,0.011069
2023-06-15_0735.png,weed,0.318,589,128,1.4725,0.32,801,0.005006
2023-06-15_0735.png,weed,0.316,104,500,0.26,1.25,4721,0.029506
2023-06-15_0735.png,crop,0.296,264,275,0.66,0.6875,561,0.003506
2023-06-15_0735.png,weed,0.295,333,312,0.8325,0.78,1744,0.0109
2023-06-15_0735.png,weed,0.295,83,369,0.2075,0.9225,536,0.00335
2023-06-15_0735.png,weed,0.294,176,513,0.44,1.2825,371,0.002319
2023-06-15_0735.png,crop,0.29,412,290,1.03,0.725,10093,0.063081
2023-06-15_0735.png,weed,0.289,509,111,1.2725,0.2775,280,0.00175
2023-06-15_0735.png,crop,0.285,537,559,1.3425,1.3975,1970,0.012313
2023-06-15_0735.png,weed,0.283,589,119,1.4725,0.2975,934,0.005837
2023-06-15_0735.png,weed,0.276,596,91,1.49,0.2275,110,0.000688
2023-06-15_0735.png,weed,0.275,146,58,0.365,0.145,1597,0.009981
2023-06-15_0735.png,weed,0.268,146,301,0.365,0.7525,2047,0.012794
2023-06-15_0735.png,weed,0.266,507,546,1.2675,1.365,400,0.0025
2023-06-15_0735.png,weed,0.254,337,575,0.8425,1.4375,2759,0.017244
2023-06-15_0735.png,weed,0.252,378,257,0.945,0.6425,393,0.002456
2023-06-15_0735.png,weed,0.245,279,115,0.6975,0.2875,976,0.0061
2023-06-15_0735.png,crop,0.24,421,273,1.0525,0.6825,8630,0.053937
2023-06-15_0735.png,weed,0.235,543,18,1.3575,0.045,1744,0.0109
2023-06-15_0735.png,crop,0.232,415,249,1.0375,0.6225,6730,0.042062
2023-06-15_0735.png,weed,0.23,587,554,1.4675,1.385,998,0.006237
2023-06-15_0735.png,weed,0.228,113,268,0.2825,0.67,349,0.002181
2023-06-15_0735.png,weed,0.227,369,227,0.9225,0.5675,107,0.000669
2023-06-15_0735.png,weed,0.226,337,539,0.8425,1.3475,148,0.000925
2023-06-15_0735.png,weed,0.216,275,167,0.6875,0.4175,904,0.00565
2023-06-15_0735.png,crop,0.215,547,579,1.3675,1.4475,1762,0.011013
2023-06-15_0735.png,weed,0.215,221,64,0.5525,0.16,2204,0.013775
2023-06-15_0735.png,weed,0.214,414,481,1.035,1.2025,1840,0.0115
2023-06-15_0735.png,weed,0.213,47,376,0.1175,0.94,364,0.002275
2023-06-15_0735.png,weed,0.209,143,57,0.3575,0.1425,2713,0.016956
2023-06-15_0735.png,weed,0.207,409,370,1.0225,0.925,1132,0.007075
2023-06-15_0735.png,weed,0.199,85,91,0.2125,0.2275,2448,0.0153
2023-06-15_0735.png,weed,0.197,517,5,1.2925,0.0125,165,0.001031
2023-06-15_0735.png,weed,0.196,146,315,0.365,0.7875,3578,0.022363
2023-06-15_0735.png,weed,0.194,267,295,0.6675,0.7375,149,0.000931
2023-06-15_0735.png,weed,0.19,225,532,0.5625,1.33,137,0.000856
2023-06-15_0735.png,crop,0.186,277,584,0.6925,1.46,936,0.00585
2023-06-15_0735.png,weed,0.183,149,330,0.3725,0.825,5087,0.031794
2023-06-15_0735.png,crop,0.178,431,242,1.0775,0.605,4532,0.028325
2023-06-15_0735.png,weed,0.177,60,496,0.15,1.24,1176,0.00735
2023-06-15_0735.png,crop,0.173,439,380,1.0975,0.95,1900,0.011875
2023-06-15_0735.png,weed,0.169,122,10,0.305,0.025,942,0.005888
2023-06-15_0735.png,weed,0.168,272,146,0.68,0.365,2820,0.017625
2023-06-15_0735.png,crop,0.166,559,268,1.3975,0.67,4637,0.028981
2023-06-15_0735.png,weed,0.164,168,510,0.42,1.275,324,0.002025
2023-06-15_0735.png,weed,0.158,230,516,0.575,1.29,365,0.002281
2023-06-15_0735.png,weed,0.158,241,513,0.6025,1.2825,122,0.000763
2023-06-15_0735.png,weed,0.158,52,262,0.13,0.655,8909,0.055681
2023-06-15_0735.png,crop,0.157,422,233,1.055,0.5825,1418,0.008863
2023-06-15_0735.png,weed,0.157,271,161,0.6775,0.4025,1789,0.011181
2023-06-15_0735.png,crop,0.153,429,304,1.0725,0.76,9205,0.057531
